,chemical_formula_descriptive
0,AgAlAu2Li2Mg2
1,AgAlCdHo3Mg3
2,AgAlCuMg3Y3
3,AgAlGaHo3Mg3
4,AgAlHgHo3Mg3
5,AgAlHo3InMg3
6,AgAlHo3IrMg3
7,AgAlHo3Mg3Pd
8,AgAlHo3Mg3Pt
9,AgAlHo3Mg3Tl
10,AgAlHo3Mg3Zn
11,AgAl2AuLi2Mg2
12,AgAl2AuLi2Sc2
13,AgAl2Au2Li2Mg
14,AgAl2Au2Li2Sc
15,AgAl2Au2Li2Y
16,AgAl2CuLi2Mg2
17,AgAl2CuLi2Sc2
18,AgAl2IrLi2Mg2
19,AgAl2Li2Mg2Pd
20,AgAl2Li2Mg2Pt
21,AgAl2Li2PdSc2
22,AgAl2Li2PtSc2
23,AgAuCd2Mg2Sc2
24,AgAuCd3La3Pd
25,AgAuCd3La3Rh
26,AgAu2CdIn2Y3
27,AgAu2CdLi2Mg2
28,AgAu2CdMg2Sc2
29,AgAu2CdMg2Y3
30,AgAu2Cd2HgSc2
31,AgAu2Cd2HgY2
32,AgAu2Cd2InY3
33,AgAu2Cd2MgSc2
34,AgAu2Cd2MgY3
35,AgAu2Cd3DyEr2
36,AgAu2Cd3DyGd2
37,AgAu2Cd3DyHo2
38,AgAu2Cd3DyLa2
39,AgAu2Cd3DyNd2
40,AgAu2Cd3DyPr2
41,AgAu2Cd3DyTb2
42,AgAu2Cd3DyY2
43,AgAu2Cd3Dy2Er
44,AgAu2Cd3Dy2Gd
45,AgAu2Cd3Dy2Ho
46,AgAu2Cd3Dy2La
47,AgAu2Cd3Dy2Nd
48,AgAu2Cd3Dy2Pr
49,AgAu2Cd3Dy2Tb
50,AgAu2Cd3Dy2Y
51,AgAu2Cd3ErGd2
52,AgAu2Cd3ErHo2
53,AgAu2Cd3ErLa2
54,AgAu2Cd3ErNd2
55,AgAu2Cd3ErPr2
56,AgAu2Cd3ErTb2
57,AgAu2Cd3ErY2
58,AgAu2Cd3Er2Gd
59,AgAu2Cd3Er2Ho
60,AgAu2Cd3Er2La
61,AgAu2Cd3Er2Nd
62,AgAu2Cd3Er2Pr
63,AgAu2Cd3Er2Tb
64,AgAu2Cd3Er2Y
65,AgAu2Cd3GdHo2
66,AgAu2Cd3GdLa2
67,AgAu2Cd3GdNd2
68,AgAu2Cd3GdPr2
69,AgAu2Cd3GdTb2
70,AgAu2Cd3GdY2
71,AgAu2Cd3Gd2Ho
72,AgAu2Cd3Gd2La
73,AgAu2Cd3Gd2Nd
74,AgAu2Cd3Gd2Pr
75,AgAu2Cd3Gd2Tb
76,AgAu2Cd3Gd2Y
77,AgAu2Cd3HoLa2
78,AgAu2Cd3HoNd2
79,AgAu2Cd3HoPr2
80,AgAu2Cd3HoTb2
81,AgAu2Cd3HoY2
82,AgAu2Cd3Ho2La
83,AgAu2Cd3Ho2Nd
84,AgAu2Cd3Ho2Pr
85,AgAu2Cd3Ho2Tb
86,AgAu2Cd3Ho2Y
87,AgAu2Cd3LaNd2
88,AgAu2Cd3LaPr2
89,AgAu2Cd3LaTb2
90,AgAu2Cd3LaY2
91,AgAu2Cd3La2Nd
92,AgAu2Cd3La2Pr
93,AgAu2Cd3La2Tb
94,AgAu2Cd3La2Y
95,AgAu2Cd3NdPr2
96,AgAu2Cd3NdTb2
97,AgAu2Cd3NdY2
98,AgAu2Cd3Nd2Pr
99,AgAu2Cd3Nd2Tb
100,AgAu2Cd3Nd2Y
101,AgAu2Cd3PrTb2
102,AgAu2Cd3PrY2
103,AgAu2Cd3Pr2Tb
104,AgAu2Cd3Pr2Y
105,AgAu2Cd3TbY2
106,AgAu2Cd3Tb2Y
107,AgAu2Li2MgZn2
108,AgAu2Li2Mg2Zn
109,AgAu2Mg2Sc2Zn
110,AgCdCuGeSe4
111,AgCdCuMg3Y3
112,AgCdCuSe4Si
113,AgCdCuSe4Sn
114,AgCdCuSiTe4
115,AgCdDy3In3Mg
116,AgCdDy3In3Pd
117,AgCdGaHo3Mg3
118,AgCdHgHo3Mg3
119,AgCdHg2Nd3Rh2
120,AgCdHg2Pr3Rh2
121,AgCdHo3InMg3
122,AgCdHo3In3Ir
123,AgCdHo3In3Mg
124,AgCdHo3In3Pd
125,AgCdHo3In3Pt
126,AgCdHo3IrMg3
127,AgCdHo3Mg3Pd
128,AgCdHo3Mg3Pt
129,AgCdHo3Mg3Tl
130,AgCdHo3Mg3Zn
131,AgCdIn2Nd3Rh2
132,AgCdIn2Pr3Rh2
133,AgCdMg2Nd3Rh2
134,AgCdMg2Pr3Rh2
135,AgCdNd3Rh2Tl2
136,AgCdPr3Rh2Tl2
137,AgCd2CuIn2Li2
138,AgCd2HgMg2Sc2
139,AgCd2HgNd3Rh2
140,AgCd2HgPr3Rh2
141,AgCd2InNd3Rh2
142,AgCd2InPr3Rh2
143,AgCd2In2IrLi2
144,AgCd2In2Li2Pd
145,AgCd2In2Li2Pt
146,AgCd2In2Li2Rh
147,AgCd2MgNd3Rh2
148,AgCd2MgPr3Rh2
149,AgCd2Nd3Rh2Tl
150,AgCd2Pr3Rh2Tl
151,AgCd3La3PdRh
152,AgCuGeTe4Zn
153,AgCuMg3Y3Zn
154,AgCuSe4SnZn
155,AgCuSiTe4Zn
156,AgCuSnTe4Zn
157,AgDy3InMg3Zn
158,AgGaHo3Mg3Zn
159,AgGa2IrLi2Zn2
160,AgGa2Li2NiZn2
161,AgGa2Li2PdZn2
162,AgGa2Li2PtZn2
163,AgGa2Li2RhZn2
164,AgHgHo3Mg3Zn
165,AgHo3InMg3Zn
166,AgHo3IrMg3Zn
167,AgHo3Mg3PdZn
168,AgHo3Mg3PtZn
169,AgHo3Mg3TlZn
170,Ag2AlAuLi2Mg2
171,Ag2AlAuLi2Zn2
172,Ag2AlAu2GaLi2
173,Ag2AlAu2InLi2
174,Ag2AlAu2Li2Mg
175,Ag2AlAu2Li2Sn
176,Ag2AlAu2Li2Zn
177,Ag2AlCdLi2Zn2
178,Ag2AlGaLi2Zn2
179,Ag2AlInLi2Sc2
180,Ag2Al2AuLi2Mg
181,Ag2Al2AuLi2Sc
182,Ag2Al2AuLi2Zn
183,Ag2Al2Li2MgSc
184,Ag2Al2Li2MgZn
185,Ag2Al2Li2ScZn
186,Ag2AuCdIn2Li2
187,Ag2AuCdLi2Zn2
188,Ag2AuCdMg2Sc2
189,Ag2AuCd2MgSc2
190,Ag2AuCd2Sc2Zn
191,Ag2AuGaLi2Zn2
192,Ag2AuGa2Li2Zn
193,Ag2Au2CdInSc2
194,Ag2Au2CdMgSc2
195,Ag2Au2Cd2ScY
196,Ag2Au2GaLi2Zn
197,Ag2Au2InLi2Zn
198,Ag2Au2Li2MgZn
199,Ag2Au2Li2SnZn
200,Ag2CdGaLi2Zn2
201,Ag2CdGeSeTe3
202,Ag2CdGeSe2Te2
203,Ag2CdGeSe2Te2
204,Ag2CdGeSe3Te
205,Ag2CdIn2LaLi2
206,Ag2CdIn2Li2Lu
207,Ag2CdIn2Li2Sc
208,Ag2CdIn2Li2Y
209,Ag2CdMg2Sc2Tl
210,Ag2CdSeSiTe3
211,Ag2CdSe2SiTe2
212,Ag2CdSe2SiTe2
213,Ag2CdSe2SnTe2
214,Ag2CdSe3SiTe
215,Ag2Cd2InLi2Zn
216,Ag2Cd2LiScZn2
217,Ag2Cd2MgSc2Zn
218,AlAuCeGaPt
219,AlAuCeGaPt
220,AlAuCeGaPt
221,AlAuCeGaPt
222,AlAuCePdSn
223,AlAuCePdSn
224,AlAuCePdSn
225,AlAuCePdSn
226,AlAuCePtSn
227,AlAuCePtSn
228,AlAuCePtSn
229,AlAuCePtSn
230,AlAuCuMg3Y3
231,AlAuGaNdPd
232,AlAuGaNdPd
233,AlAuGaNdPd
234,AlAuGaNdPd
235,AlAuGaPdPr
236,AlAuGaPdPr
237,AlAuGaPdPr
238,AlAuGaPdPr
239,AlAuGaPdSr
240,AlAuGaPdSr
241,AlAuGaPdSr
242,AlAuGaPdSr
243,AlAu2CdLi2Mg2
244,AlAu2CuEr3Zn2
245,AlAu2CuIn2Tm3
246,AlAu2CuTm3Zn2
247,AlAu2Cu2MgSc2
248,AlAu2GaLi2Mg2
249,AlAu2GaLi2Sc2
250,AlAu2InLi2Lu2
251,AlAu2InLi2Mg2
252,AlAu2InLi2Sc2
253,AlAu2InLi2Y2
254,AlAu2Li2Mg2Zn
255,AlAu2MgSc2Zn2
256,AlCaGaIn2Ir
257,AlCaGaIn2Ir
258,AlCaGa2InIr
259,AlCaGa2InIr
260,AlCdCuMg3Y3
261,AlCdDy3GaMg3
262,AlCdDy3HgMg3
263,AlCdDy3InMg3
264,AlCdDy3Mg3Tl
265,AlCdGaSe2Te2
266,AlCdGaSe2Te2
267,AlCdGaSe2Te2
268,AlCdGaSe2Te2
269,AlCdGaSe3Te
270,AlCdGaSe3Te
271,AlCdGd3HgMg3
272,AlCdGd3InMg3
273,AlCdGd3Mg3Tl
274,AlCdGd3Mg3Zn
275,AlCdHgMg3Tm3
276,AlCdInSe2Te2
277,AlCdInSe2Te2
278,AlCdInSe2Te2
279,AlCdInSe2Te2
280,AlCdInSe3Te
281,AlCdInSe3Te
282,AlCePdPtSn
283,AlCePdPtSn
284,AlCePdPtSn
285,AlCePdPtSn
286,AlCo2Fe2GaTi2
287,AlCo2GaHf2Ir2
288,AlCo2GaIr2Mn2
289,AlCo2GaIr2Ti2
290,AlCo2GaLi2Nb2
291,AlCo2GaMn2Ni2
292,AlCo2Hf2InIr2
293,AlCo2Hf2Ir2Zn
294,AlCo2Ir2Mn2Si
295,AlCo2Ir2Ti2Zn
296,AlCuGaMg3Y3
297,AlCuHgMg3Y3
298,AlCuIrMg3Y3
299,AlCuMg2Pd2Y3
300,AlCuMg3PdY3
301,AlCuMg3PtY3
302,AlCuMg3RhY3
303,AlCuMg3TlY3
304,AlCuMg3Y3Zn
305,AlCu2GaIr2Ti2
306,AlCu2GaLi2Mg2
307,AlCu2GaLi2Sc2
308,AlCu2GaNi2Ti2
309,AlCu2Hf2InPd2
310,AlCu2Ho3In2Ni
311,AlCu2InLi2Mg2
312,AlCu2InLi2Sc2
313,AlCu2InNi2Zr2
314,AlCu2InPd2Ti2
315,AlCu2InPd2Zr2
316,AlCu2Li2Pt2Si
317,AlCu2Pt2Ti2Zn
318,AlCu4GaLiTi
319,AlCu4GaLiTi
320,AlCu4GaScTi
321,AlCu4GaScTi
322,AlCu4InLiTi
323,AlCu4InLiTi
324,AlCu4ScTiZn
325,AlCu4ScTiZn
326,AlDy3Ga2Ge2Rh
327,AlDy3Ge2In2Rh
328,AlFe2GaHf2Ir2
329,AlFe2GaIr2Ti2
330,AlFe2GaMn2W2
331,AlFe2GaRh2Ti2
332,AlGaHf2Li2Pd2
333,AlGaHf2Li2Pt2
334,AlGaHgMg3Tm3
335,AlGaHgSe2Te2
336,AlGaHgSe2Te2
337,AlGaHgSe2Te2
338,AlGaHgSe2Te2
339,AlGaHgSe3Te
340,AlGaHgSe3Te
341,AlGaIn2IrSr
342,AlGaIn2IrSr
343,AlGaIn2RhYb
344,AlGaIn2RhYb
345,AlGaIr2Li2Mg2
346,AlGaIr2Li2Nb2
347,AlGaIr2Li2Ta2
348,AlGaIr2Li2V2
349,AlGaIr2Mg2Ti2
350,AlGaIr2Mn2Ta2
351,AlGaIr2Mn2Ti2
352,AlGaLi2Mg2Pd2
353,AlGaLi2Mg2Pt2
354,AlGaLi2Mo2Os2
355,AlGaLi2Nb2Os2
356,AlGaLi2Nb2Rh2
357,AlGaLi2Ni2Rh2
358,AlGaLi2Ni2Ti2
359,AlGaLi2Ni2Zr2
360,AlGaLi2Pd2Pt2
361,AlGaLi2Pd2Sc2
362,AlGaLi2Pd2Ti2
363,AlGaLi2Pd2Zr2
364,AlGaLi2Pt2Sc2
365,AlGaLi2Pt2Ti2
366,AlGaLi2Pt2Zr2
367,AlGaLi2Rh2Ta2
368,AlGaMgSeTe3
369,AlGaMgSeTe3
370,AlGaMgSe2Te2
371,AlGaMgSe2Te2
372,AlGaMgSe2Te2
373,AlGaMgSe2Te2
374,AlGaMgSe3Te
375,AlGaMgSe3Te
376,AlGaMg2Nb2Os2
377,AlGaSeTe3Zn
378,AlGaSeTe3Zn
379,AlGaSe2Te2Zn
380,AlGaSe2Te2Zn
381,AlGaSe2Te2Zn
382,AlGaSe2Te2Zn
383,AlGaSe3TeZn
384,AlGaSe3TeZn
385,AlGa2Gd3Ge2Pt
386,AlGa2Ge2Ho3Pt
387,AlGa2Ge2NiTb3
388,AlGa2Ge2PdYb3
389,AlGa2Ge2RhSc3
390,AlGa2Hf3NiRh2
391,AlGa2InIrSr
392,AlGa2InIrSr
393,AlGa2InRhYb
394,AlGa2InRhYb
395,AlGa2Ir2NiTi3
396,AlGa2Ir2NiZr3
397,AlGeIr2Mn2Ti2
398,AlGeLi2Mg2Pd2
399,AlGeLi2Mg2Pt2
400,AlGeLi2Nb2Os2
401,AlGeLi2Os2Ta2
402,AlGeLi2Pd2Sc2
403,AlGeLi2Pt2Sc2
404,AlGe2In2PdYb3
405,AlHf2InLi2Pd2
406,AlHf2InLi2Pt2
407,AlHgInMg3Tm3
408,AlHgInSe2Te2
409,AlHgInSe2Te2
410,AlHgInSe2Te2
411,AlHgInSe2Te2
412,AlHgInSe3Te
413,AlHgInSe3Te
414,AlHgMg3TlTm3
415,AlInIr2Li2Mg2
416,AlInIr2Li2Nb2
417,AlInLi2Mg2Pd2
418,AlInLi2Mg2Pt2
419,AlInLi2Nb2Rh2
420,AlInLi2Pd2Sc2
421,AlInLi2Pd2Ti2
422,AlInLi2Pd2Zr2
423,AlInLi2Pt2Sc2
424,AlInLi2Pt2Ti2
425,AlInLi2Pt2Zr2
426,AlInSeTe3Zn
427,AlInSeTe3Zn
428,AlInSe2Te2Zn
429,AlInSe2Te2Zn
430,AlInSe2Te2Zn
431,AlInSe2Te2Zn
432,AlInSe3TeZn
433,AlInSe3TeZn
434,AlIn2PdPt2Zr3
435,AlIrPd2Sn2Y3
436,AlIrPt2Sn2Y3
437,AlIrRhSn3Tm3
438,AlIr2Li2Mg2Sn
439,AlIr2Mn2SiTi2
440,AlIr2NiZn2Zr3
441,AlLi2Mg2Pd2Si
442,AlLi2Mg2Pd2Sn
443,AlLi2Mg2Pd2Zn
444,AlLi2Mg2Pt2Sn
445,AlLi2Mg2Pt2Zn
446,AlLi2Nb2Os2Si
447,AlLi2Nb2Os2Sn
448,AlLi2Ni2Pt2Si
449,AlLi2Os2SiTa2
450,AlLi2Os2SnTa2
451,AlLi2PbPd2Sc2
452,AlLi2Pd2Pt2Zn
453,AlLi2Pd2Sc2Si
454,AlLi2Pd2Sc2Sn
455,AlLi2Pt2Sc2Si
456,AlLi2Pt2Sc2Sn
457,AlMn2Os2SiV2
458,AlNi2Pt2Ti2Zn
459,AlPdPt2Zn2Zr3
460,AlPdRhSn3Tm3
461,AlPtRhSn3Tm3
462,Al12Dy5Fe4Mg5Si6
463,Al12Fe4Gd5Mg5Si6
464,Al12Fe4Mg5Si6Y5
465,Al2AuCuLi2Mg2
466,Al2AuCuLi2Sc2
467,Al2AuCu2LiSc2
468,Al2AuCu2PtSc2
469,Al2AuIrLi2Mg2
470,Al2AuLi2Mg2Pd
471,Al2AuLi2Mg2Pt
472,Al2AuLi2PdSc2
473,Al2AuLi2PtSc2
474,Al2Au2CuEr3Zn
475,Al2Au2CuInTm3
476,Al2Au2CuLiSc2
477,Al2Au2CuSc2Zn
478,Al2Au2CuTm3Zn
479,Al2Au2LiSc2Zn
480,Al2Au2Li2LuSc
481,Al2Au2Li2MgSc
482,Al2Au2Li2MgY
483,Al2Au2Li2ScY
484,Al2BeCoIr2Ti2
485,Al2BeCo2FeTi2
486,Al2BeCo2IrTi2
487,Al2BeCrIr2Ti2
488,Al2BeCuIr2Ti2
489,Al2BeFeIr2Ti2
490,Al2BeIr2MgTi2
491,Al2BeIr2MnTi2
492,Al2BeIr2NiTi2
493,Al2Be2CoIrTi2
494,Al2CaGaInIr
495,Al2CaGaInIr
496,Al2CdDyEr2Mg3
497,Al2CdDyGd2Mg3
498,Al2CdDyHo2Mg3
499,Al2CdDyMg3Tm2
500,Al2CdDyMg3Y2
501,Al2CdDy2ErMg3
502,Al2CdDy2GdMg3
503,Al2CdDy2HoMg3
504,Al2CdDy2Mg3Tm
505,Al2CdDy2Mg3Y
506,Al2CdErGd2Mg3
507,Al2CdErHo2Mg3
508,Al2CdErMg3Tm2
509,Al2CdErMg3Y2
510,Al2CdEr2GdMg3
511,Al2CdEr2HoMg3
512,Al2CdEr2Mg3Tm
513,Al2CdEr2Mg3Y
514,Al2CdGdHo2Mg3
515,Al2CdGdMg3Tm2
516,Al2CdGdMg3Y2
517,Al2CdGd2HoMg3
518,Al2CdGd2Mg3Tm
519,Al2CdGd2Mg3Y
520,Al2CdHoMg3Tm2
521,Al2CdHoMg3Y2
522,Al2CdHo2Mg3Tm
523,Al2CdHo2Mg3Y
524,Al2CdMg3TmY2
525,Al2CdMg3Tm2Y
526,Al2CoCrIr2Ti2
527,Al2CoCuIr2Ti2
528,Al2CoFeHf2Ir2
529,Al2CoFeIr2Ti2
530,Al2CoFe2Hf2Ir
531,Al2CoFe2Hf2Rh
532,Al2CoFe2IrTi2
533,Al2CoFe2PtTi2
534,Al2CoFe2RhTi2
535,Al2CoHfIr2Mn2
536,Al2CoHf2Ir2Mg
537,Al2CoHf2Ir2Mn
538,Al2CoIrLi2Nb2
539,Al2CoIrLi2Ta2
540,Al2CoIr2MgTi2
541,Al2CoIr2MnTi2
542,Al2CoIr2Mn2Ta
543,Al2CoIr2Mn2Ti
544,Al2CoIr2NiTi2
545,Al2CoLi2Nb2Os
546,Al2CoLi2Nb2Rh
547,Al2CoLi2OsTa2
548,Al2CoLi2RhTa2
549,Al2CoMn2NiPt2
550,Al2CoMn2Ni2Pt
551,Al2CoMn2Pt2Ti
552,Al2Co2FeHf2Ir
553,Al2Co2FeIrTi2
554,Al2Co2Fe2HfTi
555,Al2Co2HfIr2Mn
556,Al2Co2HfIr2Ti
557,Al2Co2IrMn2Ni
558,Al2Co2IrMn2Pt
559,Al2Co2Ir2MnTi
560,Al2Co2Li2NbTa
561,Al2Co2Mn2NiPt
562,Al2CrCuIr2Ti2
563,Al2CrFeIr2Ti2
564,Al2CrFe2Mn2W
565,Al2CrIr2MgTi2
566,Al2CrIr2MnTi2
567,Al2CrIr2NiTi2
568,Al2CuFeIr2Ti2
569,Al2CuFePt2Ti2
570,Al2CuHfLi2Pd2
571,Al2CuHfLi2Pt2
572,Al2CuHf2LiPd2
573,Al2CuIrLi2Mg2
574,Al2CuIrNi2Ti2
575,Al2CuIr2MgTi2
576,Al2CuIr2MnTi2
577,Al2CuIr2NiTi2
578,Al2CuLiMg2Pd2
579,Al2CuLiNi2Ti2
580,Al2CuLiNi2Zr2
581,Al2CuLiPd2Ti2
582,Al2CuLiPd2Zr2
583,Al2CuLiPt2Sc2
584,Al2CuLiPt2Ti2
585,Al2CuLi2MgPd2
586,Al2CuLi2MgPt2
587,Al2CuLi2Mg2Pd
588,Al2CuLi2Mg2Pt
589,Al2CuLi2NiPt2
590,Al2CuLi2PdPt2
591,Al2CuLi2PdSc2
592,Al2CuLi2Pd2Pt
593,Al2CuLi2Pd2Sc
594,Al2CuLi2Pd2Ti
595,Al2CuLi2Pd2Zr
596,Al2CuLi2PtSc2
597,Al2CuLi2Pt2Sc
598,Al2CuLi2Pt2Ti
599,Al2CuLi2Pt2Zr
600,Al2CuMgPd2Y3
601,Al2CuMnPt2Ti2
602,Al2CuNiPt2Ti2
603,Al2CuNi2PtTi2
604,Al2Cu2HfLiPd2
605,Al2Cu2HfMgPd2
606,Al2Cu2HfNi2Ti
607,Al2Cu2HfNi2Zr
608,Al2Cu2HfPd2Ti
609,Al2Cu2HfPd2Zr
610,Al2Cu2Hf2NiPd
611,Al2Cu2Ho3InNi
612,Al2Cu2IrNiTi2
613,Al2Cu2IrPdTi2
614,Al2Cu2IrPtTi2
615,Al2Cu2LiMgPd2
616,Al2Cu2LiMg2Pd
617,Al2Cu2LiPd2Ti
618,Al2Cu2LiPd2Zr
619,Al2Cu2LiPtSc2
620,Al2Cu2LiPt2Sc
621,Al2Cu2LiPt2Ti
622,Al2Cu2Li2MgPd
623,Al2Cu2Li2MgPt
624,Al2Cu2Li2MgSc
625,Al2Cu2Li2PdPt
626,Al2Cu2Li2PdSc
627,Al2Cu2Li2PtSc
628,Al2Cu2MgPd2Ti
629,Al2Cu2MgPd2Zr
630,Al2Cu2NiPdTi2
631,Al2Cu2NiPdZr2
632,Al2Cu2NiPtTi2
633,Al2Cu2Ni2TiZr
634,Al2Cu2PdPtTi2
635,Al2Cu2Pd2TiZr
636,Al2Cu2Pt2ScTi
637,Al2Dy3GaGe2Rh
638,Al2Dy3Ge2InRh
639,Al2FeHf2Ir2Mg
640,Al2FeHf2Ir2Mn
641,Al2FeIr2MgTi2
642,Al2FeIr2MgZr2
643,Al2FeIr2MnTi2
644,Al2FeIr2NiTi2
645,Al2FeLiPt2Ti2
646,Al2FeMnPt2Ti2
647,Al2FeMn2OsW2
648,Al2FeNiPt2Ti2
649,Al2Fe2HfIr2Ti
650,Al2Fe2HfIr2Zr
651,Al2Fe2HfRh2Ti
652,Al2Fe2Hf2IrRh
653,Al2Fe2IrPtTi2
654,Al2Fe2IrRhTi2
655,Al2Fe2Ir2TiZr
656,Al2Fe2PtRhTi2
657,Al2GaGd3Ge2Pt
658,Al2GaGe2Ho3Pt
659,Al2GaGe2NiTb3
660,Al2GaGe2PdYb3
661,Al2GaGe2RhSc3
662,Al2GaHf3NiRh2
663,Al2GaInIrSr
664,Al2GaInIrSr
665,Al2GaInRhYb
666,Al2GaInRhYb
667,Al2GaIr2NiTi3
668,Al2GaIr2NiZr3
669,Al2Ge2InPdYb3
670,Al2HfIr2LiMg2
671,Al2HfIr2Mg2Ti
672,Al2HfIr2Mg2Zr
673,Al2HfIr2Mn2Ta
674,Al2HfIr2Mn2Ti
675,Al2HfLi2MgPd2
676,Al2HfLi2MgPt2
677,Al2HfLi2NiPt2
678,Al2HfLi2PdPt2
679,Al2HfLi2Pd2Pt
680,Al2HfLi2Pd2Sc
681,Al2HfLi2Pd2Ti
682,Al2HfLi2Pd2Zr
683,Al2HfLi2Pt2Sc
684,Al2HfLi2Pt2Ti
685,Al2HfLi2Pt2Zr
686,Al2Hf2Ir2MgMn
687,Al2Hf2Li2PdPt
688,Al2InPdPt2Zr3
689,Al2IrLiNi2Ti2
690,Al2IrLi2Mg2Pd
691,Al2IrLi2Mg2Pt
692,Al2IrLi2Nb2Os
693,Al2IrLi2Nb2Rh
694,Al2IrLi2OsTa2
695,Al2IrLi2RhTa2
696,Al2IrMn2PtTi2
697,Al2IrNi2PtTi2
698,Al2IrPdSn2Y3
699,Al2IrPtSn2Y3
700,Al2Ir2LiMg2Ti
701,Al2Ir2LiMg2Zr
702,Al2Ir2LiMnTa2
703,Al2Ir2Li2MgNb
704,Al2Ir2Li2MgTa
705,Al2Ir2Li2MgV
706,Al2Ir2Li2NbTa
707,Al2Ir2Li2NbV
708,Al2Ir2Li2TaV
709,Al2Ir2MgMnTi2
710,Al2Ir2MgNiTi2
711,Al2Ir2Mg2TiZr
712,Al2Ir2MnNiTi2
713,Al2Ir2Mn2TaTi
714,Al2Ir2NiZnZr3
715,Al2LiMgNb2Os2
716,Al2LiMnNi2Pt2
717,Al2LiMnOs2W2
718,Al2LiMnPt2Ti2
719,Al2LiNiPt2Ti2
720,Al2LiNi2PtTi2
721,Al2LiNi2Pt2Ti
722,Al2Li2MgNiPt2
723,Al2Li2MgPdPt2
724,Al2Li2MgPd2Pt
725,Al2Li2MgPd2Sc
726,Al2Li2MgPd2Ti
727,Al2Li2MgPd2Zr
728,Al2Li2MgPt2Sc
729,Al2Li2MgPt2Ti
730,Al2Li2MgPt2Zr
731,Al2Li2Mg2PdPt
732,Al2Li2MoNbOs2
733,Al2Li2MoOs2Ta
734,Al2Li2MoOs2W
735,Al2Li2NbNiRh2
736,Al2Li2NbOs2Ta
737,Al2Li2NbOs2W
738,Al2Li2NbRh2Ta
739,Al2Li2Nb2OsRh
740,Al2Li2NiPdPt2
741,Al2Li2NiPdTi2
742,Al2Li2NiPdZr2
743,Al2Li2NiPtTi2
744,Al2Li2NiPtZr2
745,Al2Li2NiPt2Sc
746,Al2Li2NiPt2Ti
747,Al2Li2NiPt2Zr
748,Al2Li2NiRh2Ta
749,Al2Li2Ni2PtRh
750,Al2Li2Ni2PtTi
751,Al2Li2Ni2PtZr
752,Al2Li2Ni2RhTi
753,Al2Li2Ni2RhZr
754,Al2Li2Ni2TiZr
755,Al2Li2OsRhTa2
756,Al2Li2Os2TaW
757,Al2Li2PdPtSc2
758,Al2Li2PdPtTi2
759,Al2Li2PdPtZr2
760,Al2Li2PdPt2Sc
761,Al2Li2PdPt2Ti
762,Al2Li2PdPt2Zr
763,Al2Li2Pd2PtSc
764,Al2Li2Pd2PtTi
765,Al2Li2Pd2PtZr
766,Al2Li2Pd2ScTi
767,Al2Li2Pd2ScZr
768,Al2Li2Pd2TiZr
769,Al2Li2Pt2ScTi
770,Al2Li2Pt2ScZr
771,Al2Li2Pt2TiZr
772,Al2MnNiPt2Ti2
773,Al2MnNi2Pt2Ti
774,Al2Mn2NiPt2Ti
775,Al2Mn2Os2VW
776,Al2PdPt2ZnZr3
777,Al3AuCoNiZr3
778,Al3AuCuEr3Ge
779,Al3AuCuEr3Si
780,Al3AuCuGeTm3
781,Al3AuCuNiZr3
782,Al3AuCuSiTm3
783,Al3AuHf3NiPd
784,Al3AuHf3NiRh
785,Al3AuIrNiZr3
786,Al3AuNiPdZr3
787,Al3AuNiPtZr3
788,Al3AuNiRhZr3
789,Al3Au2CuErTm2
790,Al3Au2CuEr2Tm
791,Al3Au2HfIrZr2
792,Al3Au2Hf2IrZr
793,Al3CaGe2Ho2Pt
794,Al3CaGe2Mg2Pt
795,Al3CaGe2Nd2Pt
796,Al3CaPdSi2Tb2
797,Al3CaPdSi2Yb2
798,Al3Ca2Ge2HoPt
799,Al3Ca2Ge2MgPt
800,Al3Ca2Ge2NdPt
801,Al3Ca2PdSi2Tb
802,Al3Ca2PdSi2Yb
803,Al3CeCu2Dy2Ni
804,Al3CeCu2Er2Ni
805,Al3CeCu2Gd2Ni
806,Al3CeCu2Hf2Ni
807,Al3CeCu2Ho2Ni
808,Al3CeCu2Nd2Ni
809,Al3CeCu2NiSc2
810,Al3CeCu2NiTm2
811,Al3CeCu2NiY2
812,Al3CeCu2NiZr2
813,Al3Ce2Cu2DyNi
814,Al3Ce2Cu2ErNi
815,Al3Ce2Cu2GdNi
816,Al3Ce2Cu2HfNi
817,Al3Ce2Cu2HoNi
818,Al3Ce2Cu2NdNi
819,Al3Ce2Cu2NiSc
820,Al3Ce2Cu2NiTm
821,Al3Ce2Cu2NiY
822,Al3Ce2Cu2NiZr
823,Al3CoCuHf3Ir
824,Al3CoCuHf3Rh
825,Al3CoCuNiZr3
826,Al3CoIrNiZr3
827,Al3CoNiPdZr3
828,Al3CoNiPtZr3
829,Al3CoNiRhZr3
830,Al3CuDyEr2Ge2
831,Al3CuDyGd2Ge2
832,Al3CuDyGe2Ho2
833,Al3CuDyGe2Lu2
834,Al3CuDyGe2Sc2
835,Al3CuDyGe2Tb2
836,Al3CuDyGe2Tm2
837,Al3CuDyGe2Y2
838,Al3CuDyGe2Yb2
839,Al3CuDy2ErGe2
840,Al3CuDy2GdGe2
841,Al3CuDy2Ge2Ho
842,Al3CuDy2Ge2Lu
843,Al3CuDy2Ge2Sc
844,Al3CuDy2Ge2Tb
845,Al3CuDy2Ge2Tm
846,Al3CuDy2Ge2Y
847,Al3CuDy2Ge2Yb
848,Al3CuErGd2Ge2
849,Al3CuErGe2Ho2
850,Al3CuErGe2Lu2
851,Al3CuErGe2Sc2
852,Al3CuErGe2Tb2
853,Al3CuErGe2Tm2
854,Al3CuErGe2Y2
855,Al3CuErGe2Yb2
856,Al3CuEr2GdGe2
857,Al3CuEr2Ge2Ho
858,Al3CuEr2Ge2Lu
859,Al3CuEr2Ge2Sc
860,Al3CuEr2Ge2Tb
861,Al3CuEr2Ge2Tm
862,Al3CuEr2Ge2Y
863,Al3CuEr2Ge2Yb
864,Al3CuEr3GeSi
865,Al3CuGdGe2Ho2
866,Al3CuGdGe2Sc2
867,Al3CuGdGe2Tb2
868,Al3CuGdGe2Tm2
869,Al3CuGdGe2Y2
870,Al3CuGdGe2Yb2
871,Al3CuGd2Ge2Ho
872,Al3CuGd2Ge2Lu
873,Al3CuGd2Ge2Sc
874,Al3CuGd2Ge2Tb
875,Al3CuGd2Ge2Tm
876,Al3CuGd2Ge2Y
877,Al3CuGd2Ge2Yb
878,Al3CuGeHo3Ni
879,Al3CuGeSiTm3
880,Al3CuGe2HoLu2
881,Al3CuGe2HoSc2
882,Al3CuGe2HoTb2
883,Al3CuGe2HoTm2
884,Al3CuGe2HoY2
885,Al3CuGe2HoYb2
886,Al3CuGe2Ho2Lu
887,Al3CuGe2Ho2Sc
888,Al3CuGe2Ho2Tb
889,Al3CuGe2Ho2Tm
890,Al3CuGe2Ho2Y
891,Al3CuGe2Ho2Yb
892,Al3CuGe2LuSc2
893,Al3CuGe2LuTb2
894,Al3CuGe2LuTm2
895,Al3CuGe2LuYb2
896,Al3CuGe2Lu2Sc
897,Al3CuGe2Lu2Tm
898,Al3CuGe2ScTb2
899,Al3CuGe2ScTm2
900,Al3CuGe2ScY2
901,Al3CuGe2ScYb2
902,Al3CuGe2Sc2Tb
903,Al3CuGe2Sc2Tm
904,Al3CuGe2Sc2Y
905,Al3CuGe2Sc2Yb
906,Al3CuGe2TbTm2
907,Al3CuGe2TbY2
908,Al3CuGe2TbYb2
909,Al3CuGe2Tb2Tm
910,Al3CuGe2Tb2Y
911,Al3CuGe2Tb2Yb
912,Al3CuGe2TmY2
913,Al3CuGe2TmYb2
914,Al3CuGe2Tm2Y
915,Al3CuGe2Tm2Yb
916,Al3CuGe2YYb2
917,Al3CuGe2Y2Yb
918,Al3CuHf3IrRh
919,Al3CuHo3NiSi
920,Al3CuIrNiZr3
921,Al3CuNiPdY3
922,Al3CuNiPdZr3
923,Al3CuNiPtZr3
924,Al3CuNiRhZr3
925,Al3Cu2DyEr2Ni
926,Al3Cu2DyGd2Ni
927,Al3Cu2DyHf2Ni
928,Al3Cu2DyHo2Ni
929,Al3Cu2DyNd2Ni
930,Al3Cu2DyNiSc2
931,Al3Cu2DyNiTm2
932,Al3Cu2DyNiY2
933,Al3Cu2DyNiZr2
934,Al3Cu2Dy2ErNi
935,Al3Cu2Dy2GdNi
936,Al3Cu2Dy2HfNi
937,Al3Cu2Dy2HoNi
938,Al3Cu2Dy2NdNi
939,Al3Cu2Dy2NiSc
940,Al3Cu2Dy2NiTm
941,Al3Cu2Dy2NiY
942,Al3Cu2Dy2NiZr
943,Al3Cu2ErGd2Ni
944,Al3Cu2ErHf2Ni
945,Al3Cu2ErHo2Ni
946,Al3Cu2ErNd2Ni
947,Al3Cu2ErNiSc2
948,Al3Cu2ErNiTm2
949,Al3Cu2ErNiY2
950,Al3Cu2ErNiZr2
951,Al3Cu2Er2GdNi
952,Al3Cu2Er2HfNi
953,Al3Cu2Er2HoNi
954,Al3Cu2Er2NdNi
955,Al3Cu2Er2NiSc
956,Al3Cu2Er2NiTm
957,Al3Cu2Er2NiY
958,Al3Cu2Er2NiZr
959,Al3Cu2GdHf2Ni
960,Al3Cu2GdHo2Ni
961,Al3Cu2GdNd2Ni
962,Al3Cu2GdNiSc2
963,Al3Cu2GdNiTm2
964,Al3Cu2GdNiY2
965,Al3Cu2GdNiZr2
966,Al3Cu2Gd2HfNi
967,Al3Cu2Gd2HoNi
968,Al3Cu2Gd2NdNi
969,Al3Cu2Gd2NiSc
970,Al3Cu2Gd2NiTm
971,Al3Cu2Gd2NiY
972,Al3Cu2Gd2NiZr
973,Al3Cu2HfHo2Ni
974,Al3Cu2HfNd2Ni
975,Al3Cu2HfNiSc2
976,Al3Cu2HfNiTm2
977,Al3Cu2HfNiY2
978,Al3Cu2HfNiZr2
979,Al3Cu2Hf2HoNi
980,Al3Cu2Hf2NdNi
981,Al3Cu2Hf2NiSc
982,Al3Cu2Hf2NiTm
983,Al3Cu2Hf2NiY
984,Al3Cu2Hf2NiZr
985,Al3Cu2HoNd2Ni
986,Al3Cu2HoNiSc2
987,Al3Cu2HoNiTm2
988,Al3Cu2HoNiY2
989,Al3Cu2HoNiZr2
990,Al3Cu2Ho2NdNi
991,Al3Cu2Ho2NiSc
992,Al3Cu2Ho2NiTm
993,Al3Cu2Ho2NiY
994,Al3Cu2Ho2NiZr
995,Al3Cu2NdNiSc2
996,Al3Cu2NdNiTm2
997,Al3Cu2NdNiY2
998,Al3Cu2NdNiZr2
999,Al3Cu2Nd2NiSc
1000,Al3Cu2Nd2NiTm
1001,Al3Cu2Nd2NiY
1002,Al3Cu2Nd2NiZr
1003,Al3Cu2NiScTm2
1004,Al3Cu2NiScY2
1005,Al3Cu2NiScZr2
1006,Al3Cu2NiSc2Tm
1007,Al3Cu2NiSc2Y
1008,Al3Cu2NiSc2Zr
1009,Al3Cu2NiTmY2
1010,Al3Cu2NiTmZr2
1011,Al3Cu2NiTm2Y
1012,Al3Cu2NiTm2Zr
1013,Al3Cu2NiYZr2
1014,Al3Cu2NiY2Zr
1015,Al3DyEr2RhSi2
1016,Al3DyGd2RhSi2
1017,Al3DyGe2Pr2Rh
1018,Al3DyHo2RhSi2
1019,Al3DyNd2RhSi2
1020,Al3DyRhSc2Si2
1021,Al3DyRhSi2Tb2
1022,Al3DyRhSi2Tm2
1023,Al3DyRhSi2Y2
1024,Al3Dy2ErRhSi2
1025,Al3Dy2GdRhSi2
1026,Al3Dy2Ge2PrRh
1027,Al3Dy2HoRhSi2
1028,Al3Dy2NdRhSi2
1029,Al3Dy2RhScSi2
1030,Al3Dy2RhSi2Tb
1031,Al3Dy2RhSi2Tm
1032,Al3Dy2RhSi2Y
1033,Al3Dy3GeRhSi
1034,Al3Dy3GeRhSn
1035,Al3Dy3RhSiSn
1036,Al3ErGd2RhSi2
1037,Al3ErHo2RhSi2
1038,Al3ErNd2RhSi2
1039,Al3ErRhSc2Si2
1040,Al3ErRhSi2Tb2
1041,Al3ErRhSi2Tm2
1042,Al3ErRhSi2Y2
1043,Al3Er2GdRhSi2
1044,Al3Er2HoRhSi2
1045,Al3Er2LuRhSi2
1046,Al3Er2NdRhSi2
1047,Al3Er2RhScSi2
1048,Al3Er2RhSi2Tb
1049,Al3Er2RhSi2Tm
1050,Al3Er2RhSi2Y
1051,Al3GdHo2RhSi2
1052,Al3GdNd2RhSi2
1053,Al3GdRhSc2Si2
1054,Al3GdRhSi2Tb2
1055,Al3GdRhSi2Tm2
1056,Al3GdRhSi2Y2
1057,Al3Gd2HoRhSi2
1058,Al3Gd2NdRhSi2
1059,Al3Gd2RhScSi2
1060,Al3Gd2RhSi2Tb
1061,Al3Gd2RhSi2Tm
1062,Al3Gd2RhSi2Y
1063,Al3Gd3GePtSi
1064,Al3GeHo3NiSi
1065,Al3GeIrSiY3
1066,Al3GeIrSnY3
1067,Al3GeRhSiTb3
1068,Al3GeRhSnTb3
1069,Al3Ge2HoMg2Pt
1070,Al3Ge2HoNd2Pt
1071,Al3Ge2Ho2MgPt
1072,Al3Ge2Ho2NdPt
1073,Al3Ge2MgNd2Pt
1074,Al3Ge2Mg2NdPt
1075,Al3HfIr2NiSc2
1076,Al3HfIr2NiTi2
1077,Al3HfIr2NiZr2
1078,Al3HfNiRh2Zr2
1079,Al3Hf2Ir2NiSc
1080,Al3Hf2Ir2NiTi
1081,Al3Hf2Ir2NiZr
1082,Al3Hf2NiRh2Zr
1083,Al3Hf3NiPdRh
1084,Al3HoNd2RhSi2
1085,Al3HoRhSc2Si2
1086,Al3HoRhSi2Tb2
1087,Al3HoRhSi2Tm2
1088,Al3HoRhSi2Y2
1089,Al3Ho2LuRhSi2
1090,Al3Ho2NdRhSi2
1091,Al3Ho2RhScSi2
1092,Al3Ho2RhSi2Tb
1093,Al3Ho2RhSi2Tm
1094,Al3Ho2RhSi2Y
1095,Al3IrNiPdZr3
1096,Al3IrNiPtZr3
1097,Al3IrNiRhZr3
1098,Al3IrSiSnY3
1099,Al3Ir2NiScTi2
1100,Al3Ir2NiScZr2
1101,Al3Ir2NiSc2Ti
1102,Al3Ir2NiSc2Zr
1103,Al3Ir2NiTiZr2
1104,Al3Ir2NiTi2Zr
1105,Al3LuRhSc2Si2
1106,Al3NdRhSc2Si2
1107,Al3NdRhSi2Tb2
1108,Al3NdRhSi2Tm2
1109,Al3NdRhSi2Y2
1110,Al3Nd2RhScSi2
1111,Al3Nd2RhSi2Tb
1112,Al3Nd2RhSi2Tm
1113,Al3Nd2RhSi2Y
1114,Al3NiPdPtZr3
1115,Al3NiPdRhZr3
1116,Al3NiPtRhZr3
1117,Al3PdSi2TbYb2
1118,Al3PdSi2Tb2Yb
1119,Al3RhScSi2Tb2
1120,Al3RhScSi2Tm2
1121,Al3RhScSi2Y2
1122,Al3RhSc2Si2Tb
1123,Al3RhSc2Si2Tm
1124,Al3RhSc2Si2Y
1125,Al3RhSiSnTb3
1126,Al3RhSi2TbTm2
1127,Al3RhSi2TbY2
1128,Al3RhSi2Tb2Tm
1129,Al3RhSi2Tb2Y
1130,Al3RhSi2TmY2
1131,Al3RhSi2Tm2Y
1132,AsBaBiCaCd
1133,AsBaBiCaCd
1134,AsBaBiCaCd
1135,AsBaBiCaCd
1136,AsBaBiCdSr
1137,AsBaBiCdSr
1138,AsBaBiCdSr
1139,AsBaBiCdSr
1140,AsBaCaCdP
1141,AsBaCaCdP
1142,AsBaCaCdP
1143,AsBaCaCdP
1144,AsBaCdEuP
1145,AsBaCdEuP
1146,AsBaCdEuP
1147,AsBaCdEuP
1148,AsBaCdEuSb
1149,AsBaCdEuSb
1150,AsBaCdEuSb
1151,AsBaCdEuSb
1152,AsBaCdPSr
1153,AsBaCdPSr
1154,AsBaCdPSr
1155,AsBaCdPSr
1156,AsBaCdPYb
1157,AsBaCdPYb
1158,AsBaCdPYb
1159,AsBaCdPYb
1160,AsBaCdSbSr
1161,AsBaCdSbSr
1162,AsBaCdSbSr
1163,AsBaCdSbSr
1164,AsBaCdSbYb
1165,AsBaCdSbYb
1166,AsBaCdSbYb
1167,AsBaCdSbYb
1168,AsBiCaCdSr
1169,AsBiCaCdSr
1170,AsBiCaCdSr
1171,AsBiCaCdSr
1172,AsBiKRbZn2
1173,AsCaCdEuP
1174,AsCaCdEuP
1175,AsCaCdEuP
1176,AsCaCdEuP
1177,AsCaCdPSr
1178,AsCaCdPSr
1179,AsCaCdPSr
1180,AsCaCdPSr
1181,AsCaCdPYb
1182,AsCaCdPYb
1183,AsCaCdPYb
1184,AsCaCdPYb
1185,AsCaPSrZn
1186,AsCaPSrZn
1187,AsCaPSrZn
1188,AsCaPSrZn
1189,AsCaSbSrZn
1190,AsCaSbSrZn
1191,AsCaSbSrZn
1192,AsCaSbSrZn
1193,AsCdEuPSr
1194,AsCdEuPSr
1195,AsCdEuPSr
1196,AsCdEuPSr
1197,AsCdEuPYb
1198,AsCdEuPYb
1199,AsCdEuPYb
1200,AsCdEuPYb
1201,AsCdEuSbSr
1202,AsCdEuSbSr
1203,AsCdEuSbSr
1204,AsCdEuSbSr
1205,AsCdEuSbYb
1206,AsCdEuSbYb
1207,AsCdEuSbYb
1208,AsCdEuSbYb
1209,AsCdPSrYb
1210,AsCdPSrYb
1211,AsCdPSrYb
1212,AsCdPSrYb
1213,AsCdSbSrYb
1214,AsCdSbSrYb
1215,AsCdSbSrYb
1216,AsCdSbSrYb
1217,AsCd2KP2Zn2
1218,AsCd2KP2Zn2
1219,AsKPRbZn2
1220,As2Cd2KPZn2
1221,As2Cd2KPZn2
1222,As2CsMgPZn3
1223,As2CsMg2PZn2
1224,As2CsMg2PZn2
1225,As2CsMg2PZn2
1226,As2CsMg3PZn
1227,As2HgKRbZn
1228,AuCdCuMg3Y3
1229,AuCdGd3In2Pt2
1230,AuCdGd3Mg2Pt2
1231,AuCdHg2Pr3Pt2
1232,AuCdIn2Pr3Pt2
1233,AuCdMg2Pr3Pt2
1234,AuCd2Gd3InPt2
1235,AuCd2Gd3MgPt2
1236,AuCd2HgLi2Mg2
1237,AuCd2HgMg2Sc2
1238,AuCd2HgPr3Pt2
1239,AuCd2Hg2MgSc2
1240,AuCd2Hg2MgY2
1241,AuCd2InPr3Pt2
1242,AuCd2MgPr3Pt2
1243,AuCd3Dy3GaIn
1244,AuCd3Er3GaIn
1245,AuCd3GaGd3Pt
1246,AuCd3GaInTb3
1247,AuCd3GaPr3Pt
1248,AuCd3GaPr3Rh
1249,AuCd3Ga2GdNd2
1250,AuCd3Ga2GdPr2
1251,AuCd3Ga2GdY2
1252,AuCd3Ga2Gd2Nd
1253,AuCd3Ga2Gd2Pr
1254,AuCd3Ga2Gd2Y
1255,AuCd3Ga2NdPr2
1256,AuCd3Ga2NdY2
1257,AuCd3Ga2Nd2Pr
1258,AuCd3Ga2Nd2Y
1259,AuCd3Ga2PrY2
1260,AuCd3Ga2Pr2Y
1261,AuCd3GdNd2Pt2
1262,AuCd3GdPr2Pt2
1263,AuCd3Gd2NdPt2
1264,AuCd3Gd2PrPt2
1265,AuCd3NdPr2Pt2
1266,AuCd3Nd2PrPt2
1267,AuCd3Pr3PtRh
1268,AuCuEr3IrZn3
1269,AuCuEr3NiZn3
1270,AuCuEr3PdZn3
1271,AuCuEr3RhZn3
1272,AuCuIrTm3Zn3
1273,AuCuMg2Sc2Zn2
1274,AuCuMg3Y3Zn
1275,AuCuNiTm3Zn3
1276,AuCuPtTm3Zn3
1277,AuCuRhTm3Zn3
1278,AuCu2Mg2Sc2Zn
1279,AuCu2PtTi2Zn2
1280,AuGaGd3Mg3Zn
1281,AuHfNi2Zn3Zr2
1282,AuHf2Ni2Zn3Zr
1283,AuIrMg3Tm3Zn
1284,AuIrNiZn3Zr3
1285,AuIrPdZn3Zr3
1286,AuIrPtZn3Zr3
1287,AuIrRhZn3Zr3
1288,AuLi2Mg2PdZn2
1289,AuLi2Mg2PtZn2
1290,AuLi2Mg2RhZn2
1291,AuMgPt2Tb3Zn2
1292,AuMg2PtSc2Zn2
1293,AuMg2Pt2Tb3Zn
1294,AuMg3PtTm3Zn
1295,AuNiPdZn3Zr3
1296,AuNiPtZn3Zr3
1297,AuNiRhZn3Zr3
1298,AuPdPtZn3Zr3
1299,AuPdRhZn3Zr3
1300,AuPtRhZn3Zr3
1301,Au2CdCuMg2Sc2
1302,Au2CdGaLi2Mg2
1303,Au2CdHg2PdPr3
1304,Au2CdInLi2Mg2
1305,Au2CdIn2PdPr3
1306,Au2CdLi2Mg2Zn
1307,Au2CdMg2Sc2Zn
1308,Au2Cd2HgMgSc2
1309,Au2Cd2HgPdPr3
1310,Au2Cd2Hg2LaLu
1311,Au2Cd2Hg2LaSc
1312,Au2Cd2Hg2LaY
1313,Au2Cd2Hg2ScY
1314,Au2Cd2InPdPr3
1315,Au2Cd2LiMg2Sc
1316,Au2CuErHf2Zn3
1317,Au2CuErHo2Zn3
1318,Au2CuErSc2Zn3
1319,Au2CuErTm2Zn3
1320,Au2CuEr2HfZn3
1321,Au2CuEr2HoZn3
1322,Au2CuEr2ScZn3
1323,Au2CuEr2TmZn3
1324,Au2CuHfHo2Zn3
1325,Au2CuHfSc2Zn3
1326,Au2CuHfTm2Zn3
1327,Au2CuHf2HoZn3
1328,Au2CuHf2ScZn3
1329,Au2CuHf2TmZn3
1330,Au2CuHoSc2Zn3
1331,Au2CuHoTm2Zn3
1332,Au2CuHo2ScZn3
1333,Au2CuHo2TmZn3
1334,Au2CuInTm3Zn2
1335,Au2CuIn2Tm3Zn
1336,Au2CuMg2Sc2Zn
1337,Au2CuScTm2Zn3
1338,Au2CuSc2TmZn3
1339,Au2DyEr2NiZn3
1340,Au2DyLa2Si4Zn2
1341,Au2DyLa2Si4Zn2
1342,Au2DyNd2Si4Zn2
1343,Au2DyNd2Si4Zn2
1344,Au2DyNiTb2Zn3
1345,Au2DyPr2Si4Zn2
1346,Au2DyPr2Si4Zn2
1347,Au2DySi4Sm2Zn2
1348,Au2DySi4Sm2Zn2
1349,Au2DySi4Tb2Zn2
1350,Au2DySi4Tb2Zn2
1351,Au2DySi4Y2Zn2
1352,Au2DySi4Y2Zn2
1353,Au2Dy2ErNiZn3
1354,Au2Dy2LaSi4Zn2
1355,Au2Dy2LaSi4Zn2
1356,Au2Dy2NdSi4Zn2
1357,Au2Dy2NdSi4Zn2
1358,Au2Dy2NiTbZn3
1359,Au2Dy2PrSi4Zn2
1360,Au2Dy2PrSi4Zn2
1361,Au2Dy2Si4SmZn2
1362,Au2Dy2Si4SmZn2
1363,Au2Dy2Si4TbZn2
1364,Au2Dy2Si4TbZn2
1365,Au2Dy2Si4YZn2
1366,Au2Dy2Si4YZn2
1367,Au2ErNiTb2Zn3
1368,Au2Er2NiTbZn3
1369,Au2GaLi2Mg2Zn
1370,Au2InLi2Mg2Zn
1371,Au2LaNd2Si4Zn2
1372,Au2LaNd2Si4Zn2
1373,Au2LaPr2Si4Zn2
1374,Au2LaPr2Si4Zn2
1375,Au2LaSi4Sm2Zn2
1376,Au2LaSi4Sm2Zn2
1377,Au2LaSi4Tb2Zn2
1378,Au2LaSi4Tb2Zn2
1379,Au2LaSi4Y2Zn2
1380,Au2LaSi4Y2Zn2
1381,Au2La2NdSi4Zn2
1382,Au2La2NdSi4Zn2
1383,Au2La2PrSi4Zn2
1384,Au2La2PrSi4Zn2
1385,Au2La2Si4SmZn2
1386,Au2La2Si4SmZn2
1387,Au2La2Si4TbZn2
1388,Au2La2Si4TbZn2
1389,Au2La2Si4YZn2
1390,Au2La2Si4YZn2
1391,Au2LiMg2ScZn2
1392,Au2NdPr2Si4Zn2
1393,Au2NdPr2Si4Zn2
1394,Au2NdSi4Sm2Zn2
1395,Au2NdSi4Sm2Zn2
1396,Au2NdSi4Tb2Zn2
1397,Au2NdSi4Tb2Zn2
1398,Au2NdSi4Y2Zn2
1399,Au2NdSi4Y2Zn2
1400,Au2Nd2PrSi4Zn2
1401,Au2Nd2PrSi4Zn2
1402,Au2Nd2Si4SmZn2
1403,Au2Nd2Si4SmZn2
1404,Au2Nd2Si4TbZn2
1405,Au2Nd2Si4TbZn2
1406,Au2Nd2Si4YZn2
1407,Au2PrSi4Sm2Zn2
1408,Au2PrSi4Sm2Zn2
1409,Au2PrSi4Tb2Zn2
1410,Au2PrSi4Tb2Zn2
1411,Au2Pr2Si4SmZn2
1412,Au2Pr2Si4SmZn2
1413,Au2Pr2Si4TbZn2
1414,Au2Pr2Si4TbZn2
1415,Au2Pr2Si4YZn2
1416,Au2Pr2Si4YZn2
1417,Au2Si4SmTb2Zn2
1418,Au2Si4SmTb2Zn2
1419,Au2Si4SmY2Zn2
1420,Au2Si4SmY2Zn2
1421,Au2Si4Sm2TbZn2
1422,Au2Si4Sm2TbZn2
1423,Au2Si4Sm2YZn2
1424,Au2Si4TbY2Zn2
1425,Au2Si4TbY2Zn2
1426,Au2Si4Tb2YZn2
1427,Au2Si4Tb2YZn2
1428,BaBiCaCdP
1429,BaBiCaCdP
1430,BaBiCaCdP
1431,BaBiCaCdP
1432,BaBiCdK2Sb
1433,BaBiCdK2Sb
1434,BaBiCdPSr
1435,BaBiCdPSr
1436,BaBiCdPSr
1437,BaBiCdPSr
1438,BaBiCdSbSr
1439,BaBiCdSbSr
1440,BaBiCdSbSr
1441,BaBiCdSbSr
1442,BaBi2CdCsK
1443,BaBi2CdCsK
1444,BaCdEuPSb
1445,BaCdEuPSb
1446,BaCdEuPSb
1447,BaCdEuPSb
1448,BaCdInPbPt
1449,BaCdInPbPt
1450,BaCdInPbPt
1451,BaCdInPbPt
1452,BaCdInPdSn
1453,BaCdInPdSn
1454,BaCdInPdSn
1455,BaCdInPdSn
1456,BaCdPSbSr
1457,BaCdPSbSr
1458,BaCdPSbSr
1459,BaCdPSbSr
1460,BaCdPSbYb
1461,BaCdPSbYb
1462,BaCdPSbYb
1463,BaCdPSbYb
1464,BaSiSnSrZn2
1465,BiCaCdPSr
1466,BiCaCdPSr
1467,BiCaCdPSr
1468,BiCaCdPSr
1469,BiCdK2SbSr
1470,BiCdK2SbSr
1471,BiKPRbZn2
1472,BrCdCsI3Rb
1473,BrCdCsI3Rb
1474,BrCdCsI3Rb
1475,BrCdCsI3Rb
1476,Br2CdCsI2Rb
1477,Br2CdCsI2Rb
1478,Br2CdCsI2Rb
1479,Br2CdCsI2Rb
1480,Br3CdCsIRb
1481,Br3CdCsIRb
1482,Br3CdCsIRb
1483,Br3CdCsIRb
1484,CCoDy2Si2W
1485,CCoDy2Si2W
1486,CCoDy2Si2W
1487,CCoEr2Si2W
1488,CCoEr2Si2W
1489,CCoEr2Si2W
1490,CCoGd2Si2W
1491,CCoGd2Si2W
1492,CCoHo2Si2W
1493,CCoHo2Si2W
1494,CCoSi2Tb2W
1495,CCoSi2Tb2W
1496,CCoSi2Tb2W
1497,CCoSi2Tm2W
1498,CCoSi2Tm2W
1499,CCoSi2Tm2W
1500,CCoSi2WY2
1501,CCoSi2WY2
1502,CCoSi2WY2
1503,CCrDy2Si2W
1504,CCrDy2Si2W
1505,CCrDy2Si2W
1506,CCrEr2Si2W
1507,CCrEr2Si2W
1508,CCrEr2Si2W
1509,CCrGd2Si2W
1510,CCrGd2Si2W
1511,CCrGd2Si2W
1512,CCrHo2Si2W
1513,CCrHo2Si2W
1514,CCrHo2Si2W
1515,CCrSi2Tb2W
1516,CCrSi2Tb2W
1517,CCrSi2Tb2W
1518,CCrSi2Tm2W
1519,CCrSi2Tm2W
1520,CCrSi2Tm2W
1521,CCrSi2WY2
1522,CCrSi2WY2
1523,CCrSi2WY2
1524,CDyErSi2W2
1525,CDyErSi2W2
1526,CDyErSi2W2
1527,CDyGdSi2W2
1528,CDyGdSi2W2
1529,CDyGdSi2W2
1530,CDyHoSi2W2
1531,CDyHoSi2W2
1532,CDyHoSi2W2
1533,CDyNdSi2W2
1534,CDyNdSi2W2
1535,CDyNdSi2W2
1536,CDySi2TbW2
1537,CDySi2TbW2
1538,CDySi2TbW2
1539,CDySi2TmW2
1540,CDySi2TmW2
1541,CDySi2TmW2
1542,CDySi2W2Y
1543,CDySi2W2Y
1544,CDySi2W2Y
1545,CDy2FeSi2W
1546,CDy2FeSi2W
1547,CDy2FeSi2W
1548,CDy2MnSi2W
1549,CDy2MnSi2W
1550,CDy2MnSi2W
1551,CDy2MoSi2W
1552,CDy2MoSi2W
1553,CDy2MoSi2W
1554,CErGdSi2W2
1555,CErGdSi2W2
1556,CErGdSi2W2
1557,CErHoSi2W2
1558,CErHoSi2W2
1559,CErHoSi2W2
1560,CErNdSi2W2
1561,CErNdSi2W2
1562,CErNdSi2W2
1563,CErSi2TbW2
1564,CErSi2TbW2
1565,CErSi2TbW2
1566,CErSi2TmW2
1567,CErSi2TmW2
1568,CErSi2TmW2
1569,CErSi2W2Y
1570,CErSi2W2Y
1571,CErSi2W2Y
1572,CEr2MnSi2W
1573,CEr2MnSi2W
1574,CEr2MnSi2W
1575,CEr2MoSi2W
1576,CEr2MoSi2W
1577,CEr2MoSi2W
1578,CFeGd2Si2W
1579,CFeGd2Si2W
1580,CFeGd2Si2W
1581,CFeNd2Si2W
1582,CFeNd2Si2W
1583,CFeNd2Si2W
1584,CFeSi2Tb2W
1585,CFeSi2Tb2W
1586,CFeSi2Tb2W
1587,CFeSi2Tm2W
1588,CFeSi2Tm2W
1589,CGdHoSi2W2
1590,CGdHoSi2W2
1591,CGdHoSi2W2
1592,CGdNdSi2W2
1593,CGdNdSi2W2
1594,CGdNdSi2W2
1595,CGdSi2TbW2
1596,CGdSi2TbW2
1597,CGdSi2TbW2
1598,CGdSi2TmW2
1599,CGdSi2TmW2
1600,CGdSi2TmW2
1601,CGdSi2W2Y
1602,CGdSi2W2Y
1603,CGdSi2W2Y
1604,CGd2MnSi2W
1605,CGd2MnSi2W
1606,CGd2MnSi2W
1607,CGd2MoSi2W
1608,CGd2MoSi2W
1609,CGd2MoSi2W
1610,CHoNdSi2W2
1611,CHoNdSi2W2
1612,CHoNdSi2W2
1613,CHoSi2TbW2
1614,CHoSi2TbW2
1615,CHoSi2TbW2
1616,CHoSi2TmW2
1617,CHoSi2TmW2
1618,CHoSi2TmW2
1619,CHoSi2W2Y
1620,CHoSi2W2Y
1621,CHoSi2W2Y
1622,CHo2MnSi2W
1623,CHo2MnSi2W
1624,CHo2MnSi2W
1625,CHo2MoSi2W
1626,CHo2MoSi2W
1627,CHo2MoSi2W
1628,CLaMoSi2W
1629,CMnNd2Si2W
1630,CMnNd2Si2W
1631,CMnNd2Si2W
1632,CMnSi2Tb2W
1633,CMnSi2Tb2W
1634,CMnSi2Tb2W
1635,CMnSi2Tm2W
1636,CMnSi2Tm2W
1637,CMnSi2Tm2W
1638,CMnSi2WY2
1639,CMnSi2WY2
1640,CMnSi2WY2
1641,CMoNd2Si2W
1642,CMoNd2Si2W
1643,CMoNd2Si2W
1644,CMoSi2Tb2W
1645,CMoSi2Tb2W
1646,CMoSi2Tb2W
1647,CMoSi2Tm2W
1648,CMoSi2Tm2W
1649,CMoSi2Tm2W
1650,CMoSi2WY2
1651,CMoSi2WY2
1652,CMoSi2WY2
1653,CNdSi2TbW2
1654,CNdSi2TbW2
1655,CNdSi2TbW2
1656,CNdSi2TmW2
1657,CNdSi2TmW2
1658,CNdSi2TmW2
1659,CNdSi2W2Y
1660,CNdSi2W2Y
1661,CNdSi2W2Y
1662,COsSi2WY2
1663,COsSi2WY2
1664,COsSi2WY2
1665,CReSi2Tm2W
1666,CReSi2Tm2W
1667,CReSi2Tm2W
1668,CReSi2WY2
1669,CReSi2WY2
1670,CReSi2WY2
1671,CSi2TbTmW2
1672,CSi2TbTmW2
1673,CSi2TbTmW2
1674,CSi2TbW2Y
1675,CSi2TbW2Y
1676,CSi2TbW2Y
1677,CSi2TmW2Y
1678,CSi2TmW2Y
1679,CSi2TmW2Y
1680,CaCdDy2Mg3Tl2
1681,CaCdEr2Hg2Mg3
1682,CaCdEr2Mg3Tl2
1683,CaCdGd2Hg2Mg3
1684,CaCdGd2Mg3Tl2
1685,CaCdHg2Mg3Nd2
1686,CaCdHo2Mg3Tl2
1687,CaCdMg3Nd2Tl2
1688,CaCdMg3Pr2Tl2
1689,CaCdMg3Tl2Tm2
1690,CaCdMg3Tl2Y2
1691,CaCu2Eu2P4Zn2
1692,CaCu2La2Si4Zn2
1693,CaCu2La2Si4Zn2
1694,CaCu2Nd2Si4Zn2
1695,CaCu2Nd2Si4Zn2
1696,CaCu2Pr2Si4Zn2
1697,CaCu2Pr2Si4Zn2
1698,CaPSbSrZn
1699,CaPSbSrZn
1700,CaPSbSrZn
1701,CaPSbSrZn
1702,Ca2CdDyMg3Tl2
1703,Ca2CdErHg2Mg3
1704,Ca2CdErMg3Tl2
1705,Ca2CdGdHg2Mg3
1706,Ca2CdGdMg3Tl2
1707,Ca2CdHg2Mg3Nd
1708,Ca2CdHoMg3Tl2
1709,Ca2CdMg3NdTl2
1710,Ca2CdMg3PrTl2
1711,Ca2CdMg3Tl2Tm
1712,Ca2CdMg3Tl2Y
1713,Ca2Cu2EuP4Zn2
1714,Ca2Cu2LaSi4Zn2
1715,Ca2Cu2LaSi4Zn2
1716,Ca2Cu2NdSi4Zn2
1717,Ca2Cu2NdSi4Zn2
1718,Ca2Cu2PrSi4Zn2
1719,Ca2Cu2PrSi4Zn2
1720,Ca3CdGaHgMg3
1721,Ca3CdGaInMg3
1722,Ca3CdGaMg3Tl
1723,CdCeCsSeTe2
1724,CdCeCsSe2Te
1725,CdCsErSeTe2
1726,CdCsHgRbSb2
1727,CdCsNdSeTe2
1728,CdCsNdSe2Te
1729,CdCsSeTe2Y
1730,CdCsSe2TeTm
1731,CdCsSe2TeY
1732,CdCuGaMg3Y3
1733,CdCuHgMg3Y3
1734,CdCuIrMg3Y3
1735,CdCuMg3PdY3
1736,CdCuMg3PtY3
1737,CdCuMg3RhY3
1738,CdCuMg3TlY3
1739,CdCuMg3Y3Zn
1740,CdCuSe4SnZn
1741,CdCu2GeSeTe3
1742,CdCu2GeSe2Te2
1743,CdCu2GeSe2Te2
1744,CdCu2GeSe3Te
1745,CdCu2In2LaLi2
1746,CdCu2In2Li2Mg
1747,CdCu2In2Li2Sc
1748,CdCu2In2Li2Y
1749,CdCu2SeSnTe3
1750,CdCu2Se2SiTe2
1751,CdCu2Se2SnTe2
1752,CdCu2Se3SiTe
1753,CdCu2Se3SnTe
1754,CdDyEr2In2Mg3
1755,CdDyEr2Mg3Tl2
1756,CdDyGd2In2Mg3
1757,CdDyGd2Mg3Tl2
1758,CdDyHo2In2Mg3
1759,CdDyHo2Mg3Tl2
1760,CdDyIn2Mg3Nd2
1761,CdDyIn2Mg3Pr2
1762,CdDyIn2Mg3Tm2
1763,CdDyMg3Nd2Tl2
1764,CdDyMg3Pr2Tl2
1765,CdDyMg3Tl2Tm2
1766,CdDyMg3Tl2Y2
1767,CdDy2ErIn2Mg3
1768,CdDy2ErMg3Tl2
1769,CdDy2GdIn2Mg3
1770,CdDy2GdMg3Tl2
1771,CdDy2HoIn2Mg3
1772,CdDy2HoMg3Tl2
1773,CdDy2In2Mg3Nd
1774,CdDy2In2Mg3Pr
1775,CdDy2In2Mg3Tm
1776,CdDy2Mg3NdTl2
1777,CdDy2Mg3PrTl2
1778,CdDy2Mg3Tl2Tm
1779,CdDy2Mg3Tl2Y
1780,CdDy3GaHgMg3
1781,CdDy3GaInMg3
1782,CdDy3GaMg3Tl
1783,CdDy3Ga2InMg2
1784,CdDy3HgInMg3
1785,CdDy3HgMg3Tl
1786,CdDy3InMg3Tl
1787,CdErGd2Hg2Mg3
1788,CdErGd2In2Mg3
1789,CdErGd2Mg3Tl2
1790,CdErHg2Mg3Nd2
1791,CdErHo2In2Mg3
1792,CdErHo2Mg3Tl2
1793,CdErIn2Mg3Nd2
1794,CdErIn2Mg3Pr2
1795,CdErIn2Mg3Tm2
1796,CdErMg3Nd2Tl2
1797,CdErMg3Pr2Tl2
1798,CdErMg3Tl2Tm2
1799,CdErMg3Tl2Y2
1800,CdEr2GdHg2Mg3
1801,CdEr2GdIn2Mg3
1802,CdEr2GdMg3Tl2
1803,CdEr2Hg2Mg3Nd
1804,CdEr2HoIn2Mg3
1805,CdEr2HoMg3Tl2
1806,CdEr2In2Mg3Nd
1807,CdEr2In2Mg3Pr
1808,CdEr2In2Mg3Tm
1809,CdEr2Mg3NdTl2
1810,CdEr2Mg3PrTl2
1811,CdEr2Mg3Tl2Tm
1812,CdEr2Mg3Tl2Y
1813,CdEr3Ga2InMg2
1814,CdEuPSbSr
1815,CdEuPSbSr
1816,CdEuPSbSr
1817,CdEuPSbSr
1818,CdEuPSbYb
1819,CdEuPSbYb
1820,CdEuPSbYb
1821,CdEuPSbYb
1822,CdGaHgMg3Nd3
1823,CdGaHgMg3Tm3
1824,CdGaInMg3Nd3
1825,CdGaInSe2Te2
1826,CdGaInSe2Te2
1827,CdGaInSe3Te
1828,CdGaInSe3Te
1829,CdGaMg3Nd3Tl
1830,CdGa2Gd3Ge2Pd
1831,CdGa2Gd3Mg2Pd
1832,CdGa2InMg2Tb3
1833,CdGdHg2Mg3Nd2
1834,CdGdHo2In2Mg3
1835,CdGdHo2Mg3Tl2
1836,CdGdIn2Mg3Nd2
1837,CdGdIn2Mg3Pr2
1838,CdGdIn2Mg3Tm2
1839,CdGdMg3Nd2Tl2
1840,CdGdMg3Pr2Tl2
1841,CdGdMg3Pr2Zn2
1842,CdGdMg3Tl2Tm2
1843,CdGdMg3Tl2Y2
1844,CdGd2Hg2Mg3Nd
1845,CdGd2HoIn2Mg3
1846,CdGd2HoMg3Tl2
1847,CdGd2In2Mg3Nd
1848,CdGd2In2Mg3Pr
1849,CdGd2In2Mg3Tm
1850,CdGd2Mg3NdTl2
1851,CdGd2Mg3PrTl2
1852,CdGd2Mg3PrZn2
1853,CdGd2Mg3Tl2Tm
1854,CdGd2Mg3Tl2Y
1855,CdGd3HgInMg3
1856,CdGd3HgMg3Tl
1857,CdGd3HgMg3Zn
1858,CdGd3InMg3Tl
1859,CdGd3InMg3Zn
1860,CdGd3Mg3TlZn
1861,CdGeKTe4Tl
1862,CdHfIn2Li2Pd2
1863,CdHfIn2Li2Pt2
1864,CdHgInMg3Nd3
1865,CdHgInMg3Tm3
1866,CdHgMg3Nd3Tl
1867,CdHgMg3TlTm3
1868,CdHoIn2Mg3Nd2
1869,CdHoIn2Mg3Pr2
1870,CdHoIn2Mg3Tm2
1871,CdHoMg3Nd2Tl2
1872,CdHoMg3Pr2Tl2
1873,CdHoMg3Tl2Tm2
1874,CdHoMg3Tl2Y2
1875,CdHo2In2Mg3Nd
1876,CdHo2In2Mg3Pr
1877,CdHo2In2Mg3Tm
1878,CdHo2Mg3NdTl2
1879,CdHo2Mg3PrTl2
1880,CdHo2Mg3Tl2Tm
1881,CdHo2Mg3Tl2Y
1882,CdInMg3Nd3Tl
1883,CdIn2Ir2Li2Mg
1884,CdIn2Ir2Li2Nb
1885,CdIn2Li2MgPd2
1886,CdIn2Li2MgPt2
1887,CdIn2Li2MgRh2
1888,CdIn2Li2NbRh2
1889,CdIn2Li2Pd2Sc
1890,CdIn2Li2Pd2Ti
1891,CdIn2Li2Pd2Zn
1892,CdIn2Li2Pd2Zr
1893,CdIn2Li2Pt2Sc
1894,CdIn2Li2Pt2Ti
1895,CdIn2Li2Pt2Zr
1896,CdIn2Mg3NdPr2
1897,CdIn2Mg3NdTm2
1898,CdIn2Mg3Nd2Pr
1899,CdIn2Mg3Nd2Tm
1900,CdIn2Mg3PrTm2
1901,CdIn2Mg3Pr2Tm
1902,CdKP2RbZn
1903,CdKSnTe4Tl
1904,CdLaLi2Pd2Sn2
1905,CdLi2MgPd2Sn2
1906,CdLi2Pd2ScSn2
1907,CdLi2Pd2Sn2Y
1908,CdMg3NdPr2Tl2
1909,CdMg3NdTl2Tm2
1910,CdMg3NdTl2Y2
1911,CdMg3Nd2PrTl2
1912,CdMg3Nd2Tl2Tm
1913,CdMg3Nd2Tl2Y
1914,CdMg3PrTl2Tm2
1915,CdMg3PrTl2Y2
1916,CdMg3Pr2Tl2Tm
1917,CdMg3Pr2Tl2Y
1918,CdMg3Tl2TmY2
1919,CdMg3Tl2Tm2Y
1920,CdPSbSrYb
1921,CdPSbSrYb
1922,CdPSbSrYb
1923,CdPSbSrYb
1924,CdPb2Pr3Pt2Rh
1925,CdPr3Pt2RhSn2
1926,Cd2CuIn2IrLi2
1927,Cd2CuIn2Li2Pd
1928,Cd2CuIn2Li2Pt
1929,Cd2CuIn2Li2Rh
1930,Cd2Dy3Ga2InMg
1931,Cd2Er3Ga2InMg
1932,Cd2Ga2Gd3GePd
1933,Cd2Ga2Gd3MgPd
1934,Cd2Ga2InMgTb3
1935,Cd2Hg2LiMg2Sc
1936,Cd2Hg2LiMg2Y
1937,Cd2Hg2Mg2ScY
1938,Cd2InLi2Pd2Sn
1939,Cd2InLi2Rh2Tl
1940,Cd2In2IrLi2Pd
1941,Cd2In2IrLi2Pt
1942,Cd2In2IrLi2Rh
1943,Cd2In2Li2PdPt
1944,Cd2In2Li2PdRh
1945,Cd2In2Li2PtRh
1946,Cd2LaLi2RhTl2
1947,Cd2LaLi2ScTl2
1948,Cd2Li2RhScTl2
1949,Cd2PbPr3Pt2Rh
1950,Cd2Pr3Pt2RhSn
1951,Cd3DyEr2Ga2In
1952,Cd3DyGa2Ho2In
1953,Cd3DyGa2InTb2
1954,Cd3DyGa2InTm2
1955,Cd3Dy2ErGa2In
1956,Cd3Dy2Ga2HoIn
1957,Cd3Dy2Ga2InTb
1958,Cd3Dy2Ga2InTm
1959,Cd3ErGa2Ho2In
1960,Cd3ErGa2InTb2
1961,Cd3ErGa2InTm2
1962,Cd3Er2Ga2HoIn
1963,Cd3Er2Ga2InTb
1964,Cd3Er2Ga2InTm
1965,Cd3Ga2HoInTb2
1966,Cd3Ga2HoInTm2
1967,Cd3Ga2Ho2InTb
1968,Cd3Ga2Ho2InTm
1969,Cd3Ga2InTbTm2
1970,Cd3Ga2InTb2Tm
1971,CeCsSeTe2Zn
1972,CeCsSe2TeZn
1973,CoCuPt2Ti2Zn2
1974,CoFeIr2Ta2Zn2
1975,CoMgPt2Ti2Zn2
1976,CoNiPt2Ti2Zn2
1977,Co2GaHf2Ir2Zn
1978,Co2GaIr2Ti2Zn
1979,Co2HfIr2TaZn2
1980,Co2HfIr2TiZn2
1981,Co2HfIr2Zn2Zr
1982,Co2Hf2InIr2Zn
1983,Co2InIr2ZnZr2
1984,Co2IrOsTa2Zn2
1985,Co2IrPtTi2Zn2
1986,Co2Ir2TaTiZn2
1987,Co2Ir2TaZn2Zr
1988,Co2Ir2TiZn2Zr
1989,CsLaSeTe2Zn
1990,CsLaSe2TeZn
1991,CsLuSeTe2Zn
1992,CsLuSe2TeZn
1993,CsNdSeTe2Zn
1994,CsNdSe2TeZn
1995,CsPrSeTe2Zn
1996,CsPrSe2TeZn
1997,CsScSeTe2Zn
1998,CsScSe2TeZn
1999,CuErHo2Ir2Zn3
2000,CuErIr2Tm2Zn3
2001,CuEr2HoIr2Zn3
2002,CuEr2Ir2TmZn3
2003,CuEr3InNi2Zn2
2004,CuEr3In2Ni2Zn
2005,CuEr3IrNiZn3
2006,CuEr3IrPdZn3
2007,CuEr3IrRhZn3
2008,CuEr3NiPdZn3
2009,CuEr3NiRhZn3
2010,CuEr3PdRhZn3
2011,CuGaMg3Y3Zn
2012,CuHgMg3Y3Zn
2013,CuHgSe4SnZn
2014,CuHoIr2Tm2Zn3
2015,CuHo2Ir2TmZn3
2016,CuInIr2Tm3Zn2
2017,CuIn2Ir2Tm3Zn
2018,CuIrMg3Y3Zn
2019,CuIrNiTm3Zn3
2020,CuIrPtTm3Zn3
2021,CuIrRhTm3Zn3
2022,CuMgPt2Ti2Zn2
2023,CuMg2PtSc2Zn2
2024,CuMg3PdY3Zn
2025,CuMg3PtY3Zn
2026,CuMg3RhY3Zn
2027,CuMg3TlY3Zn
2028,CuMnSe4SnZn
2029,CuNiPtTm3Zn3
2030,CuNiPt2Ti2Zn2
2031,CuNiRhTm3Zn3
2032,CuPtRhTm3Zn3
2033,Cu2Ge2Pr3Si2Zn2
2034,Cu2Ge2Pr3Si2Zn2
2035,Cu2Ge2Pr3Si2Zn2
2036,Cu2Ge2Pr3Si2Zn2
2037,Cu2LaNd2Si4Zn2
2038,Cu2LaNd2Si4Zn2
2039,Cu2LaPr2Si4Zn2
2040,Cu2LaPr2Si4Zn2
2041,Cu2La2NdSi4Zn2
2042,Cu2La2NdSi4Zn2
2043,Cu2La2PrSi4Zn2
2044,Cu2La2PrSi4Zn2
2045,Cu2NdPr2Si4Zn2
2046,Cu2NdPr2Si4Zn2
2047,Cu2Nd2PrSi4Zn2
2048,Cu2Nd2PrSi4Zn2
2049,Cu2SeSiTe3Zn
2050,Cu2SeSnTe3Zn
2051,Cu2Se2SiTe2Zn
2052,Cu2Se2SiTe2Zn
2053,Cu2Se2SnTe2Zn
2054,Cu2Se2SnTe2Zn
2055,Cu2Se3SiTeZn
2056,Cu2Se3SnTeZn
2057,Cu4GaScTiZn
2058,Cu4GaScTiZn
2059,DyLa2Ni2Si4Zn2
2060,DyLa2Ni2Si4Zn2
2061,DyNi2Pr2Si4Zn2
2062,DyNi2Pr2Si4Zn2
2063,DyNi2Si4Sm2Zn2
2064,DyNi2Si4Sm2Zn2
2065,DyRbSeTe2Zn
2066,DyRbSe2TeZn
2067,Dy2LaNi2Si4Zn2
2068,Dy2LaNi2Si4Zn2
2069,Dy2Ni2PrSi4Zn2
2070,Dy2Ni2PrSi4Zn2
2071,Dy2Ni2Si4SmZn2
2072,Dy2Ni2Si4SmZn2
2073,Dy3InPdPt2Zn2
2074,Dy3In2PdPt2Zn
2075,Dy3Ir2NiSnZn2
2076,Dy3Ir2NiSn2Zn
2077,Dy3MgPdPt2Zn2
2078,Dy3Mg2PdPt2Zn
2079,Dy3PdPt2SnZn2
2080,Dy3PdPt2Sn2Zn
2081,EuGeSiSrZn2
2082,GaGeIr2Li2Zn2
2083,GaInLi2Pd2Zn2
2084,GaInSe2Te2Zn
2085,GaInSe2Te2Zn
2086,GaInSe2Te2Zn
2087,GaInSe2Te2Zn
2088,GaInSe3TeZn
2089,GaInSe3TeZn
2090,GaIr2Li2SnZn2
2091,GaIr2NiZn2Zr3
2092,GaLi2MgPd2Zn2
2093,GaLi2MgPt2Zn2
2094,GaLi2MgRh2Zn2
2095,GaLi2Mg2Pd2Zn
2096,GaLi2Mg2Pt2Zn
2097,GaLi2Mg2Rh2Zn
2098,GaLi2PdPt2Zn2
2099,GaLi2Pd2PtZn2
2100,GaLi2Pd2Pt2Zn
2101,GaLi2Rh2SnZn2
2102,Ga2GdMg3Y2Zn
2103,Ga2Gd2Mg3YZn
2104,Ga2HfIr2Li2Zn
2105,Ga2HfLi2Ni2Zn
2106,Ga2HfLi2Pd2Zn
2107,Ga2HfLi2Pt2Zn
2108,Ga2IrLi2NiZn2
2109,Ga2IrLi2PdZn2
2110,Ga2IrLi2PtZn2
2111,Ga2IrLi2RhZn2
2112,Ga2Ir2Li2MgZn
2113,Ga2Ir2Li2NbZn
2114,Ga2Ir2Li2TaZn
2115,Ga2Ir2Li2TiZn
2116,Ga2Ir2Li2VZn
2117,Ga2Ir2Li2ZnZr
2118,Ga2Ir2NiZnZr3
2119,Ga2Li2MgNi2Zn
2120,Ga2Li2MgPd2Zn
2121,Ga2Li2MgPt2Zn
2122,Ga2Li2MgRh2Zn
2123,Ga2Li2NbRh2Zn
2124,Ga2Li2NiPdZn2
2125,Ga2Li2NiPtZn2
2126,Ga2Li2NiRhZn2
2127,Ga2Li2NiRh2Zn
2128,Ga2Li2Ni2RhZn
2129,Ga2Li2Ni2ScZn
2130,Ga2Li2Ni2TiZn
2131,Ga2Li2Ni2ZnZr
2132,Ga2Li2PdPtZn2
2133,Ga2Li2PdPt2Zn
2134,Ga2Li2PdRhZn2
2135,Ga2Li2Pd2PtZn
2136,Ga2Li2Pd2ScZn
2137,Ga2Li2Pd2TiZn
2138,Ga2Li2Pd2ZnZr
2139,Ga2Li2PtRhZn2
2140,Ga2Li2Pt2ScZn
2141,Ga2Li2Pt2TiZn
2142,Ga2Li2Pt2ZnZr
2143,Ga2Li2Rh2TaZn
2144,GdGe6LaNdPrZn12
2145,GdGe6LaNdPrZn12
2146,GdGe6LaNdPrZn12
2147,GdGe6LaNd2Zn12
2148,GdGe6LaPr2Zn12
2149,GdGe6La2NdZn12
2150,GdGe6La2NdZn12
2151,GdGe6La2NdZn12
2152,GdGe6La2PrZn12
2153,GdGe6La2PrZn12
2154,GdGe6NdPr2Zn12
2155,GdGe6NdPr2Zn12
2156,GdGe6Nd2PrZn12
2157,GdGe6Nd2PrZn12
2158,GdGe6Nd2PrZn12
2159,Gd2Ge6LaNdZn12
2160,Gd2Ge6LaNdZn12
2161,Gd2Ge6LaNdZn12
2162,Gd2Ge6LaPrZn12
2163,Gd2Ge6LaPrZn12
2164,Gd2Ge6NdPrZn12
2165,Gd2Ge6NdPrZn12
2166,Gd2Ge6NdPrZn12
2167,Gd3InIr2NiZn2
2168,Gd3In2Ir2NiZn
2169,Gd3Ir2NiSnZn2
2170,Gd3Ir2NiSn2Zn
2171,GeIr2Li2SnZn2
2172,GeLi2Mg2Pd2Zn
2173,GeLi2Mg2Pt2Zn
2174,Ge2HfIr2Li2Zn
2175,Ge2Ir2Li2TiZn
2176,Ge2Ir2Li2ZnZr
2177,Ge2Pd2Pr3Si2Zn2
2178,Ge2Pd2Pr3Si2Zn2
2179,Ge2Pd2Pr3Si2Zn2
2180,Ge2Pd2Pr3Si2Zn2
2181,Ge2Pr3Rh2Si2Zn2
2182,Ge2Pr3Rh2Si2Zn2
2183,Ge2Pr3Rh2Si2Zn2
2184,Ge2Pr3Rh2Si2Zn2
2185,Ge6LaNd2PrZn12
2186,Ge6LaNd2PrZn12
2187,Ge6LaNd2PrZn12
2188,Ge6La2NdPrZn12
2189,HfIn2Li2Pd2Zn
2190,HfIr2Li2Sn2Zn
2191,HfLiMg2Pt2Zn2
2192,HfLi2Rh2Sn2Zn
2193,HfMg2Pt2ScZn2
2194,HfMg2Pt2TiZn2
2195,HfMg2Pt2Zn2Zr
2196,InIr2RhY3Zn2
2197,InLi2MgPd2Zn2
2198,InLi2Mg2Pd2Zn
2199,InLi2Mg2Pt2Zn
2200,InLi2Mg2Rh2Zn
2201,InLi2Pd2PtZn2
2202,InPdPt2Zn2Zr3
2203,InPt2RhTm3Zn2
2204,InPt2RhY3Zn2
2205,In2Ir2RhY3Zn
2206,In2Li2MgPd2Zn
2207,In2Li2Pd2ScZn
2208,In2Li2Pd2TiZn
2209,In2Li2Pd2ZnZr
2210,In2LuScTmZn
2211,In2PdPt2ZnZr3
2212,In2Pt2RhTm3Zn
2213,In2Pt2RhY3Zn
2214,IrLi2RhSn2Zn2
2215,IrPtRhY3Zn3
2216,Ir2Li2MgSn2Zn
2217,Ir2Li2Sn2TiZn
2218,Ir2Li2Sn2ZnZr
2219,Ir2MgRhY3Zn2
2220,Ir2Mg2RhY3Zn
2221,Ir2RhSnY3Zn2
2222,Ir2RhSn2Y3Zn
2223,LaNd2Pd2Si4Zn2
2224,LaNd2Pd2Si4Zn2
2225,LaNd2Rh2Si4Zn2
2226,LaNd2Rh2Si4Zn2
2227,LaNi2Pr2Si4Zn2
2228,LaNi2Pr2Si4Zn2
2229,LaNi2Si4Sm2Zn2
2230,LaNi2Si4Sm2Zn2
2231,LaPd2Pr2Si4Zn2
2232,LaPd2Pr2Si4Zn2
2233,LaPd2Si4Sm2Zn2
2234,LaPr2Rh2Si4Zn2
2235,LaPr2Rh2Si4Zn2
2236,La2NdPd2Si4Zn2
2237,La2NdPd2Si4Zn2
2238,La2NdRh2Si4Zn2
2239,La2NdRh2Si4Zn2
2240,La2Ni2PrSi4Zn2
2241,La2Ni2PrSi4Zn2
2242,La2Ni2Si4SmZn2
2243,La2Ni2Si4SmZn2
2244,La2Pd2PrSi4Zn2
2245,La2Pd2PrSi4Zn2
2246,La2Pd2Si4SmZn2
2247,La2Pd2Si4SmZn2
2248,La2PrRh2Si4Zn2
2249,La2PrRh2Si4Zn2
2250,La3NiPt2Sn2Zn
2251,LiMg2NiRh2Zn2
2252,LiMg2PdRh2Zn2
2253,LiMg2Pd2RhZn2
2254,LiMg2Pt2ScZn2
2255,LiMg2Pt2TiZn2
2256,LiMg2Pt2Zn2Zr
2257,Li2MgPdPt2Zn2
2258,Li2MgPd2PtZn2
2259,Li2MgRh2SnZn2
2260,Li2MgRh2Sn2Zn
2261,Li2Mg2PdPtZn2
2262,Li2Mg2PdRhZn2
2263,Li2Mg2Pd2SiZn
2264,Li2Mg2Pd2SnZn
2265,Li2Mg2PtRhZn2
2266,Li2Mg2Pt2SnZn
2267,Li2Mg2Rh2SnZn
2268,Li2Rh2Sn2TiZn
2269,Li2Rh2Sn2ZnZr
2270,LuRbSeTe2Zn
2271,LuRbSe2TeZn
2272,MgNiPt2Ti2Zn2
2273,MgPt2RhTm3Zn2
2274,Mg2NiPdRh2Zn2
2275,Mg2NiPtZn2Zr2
2276,Mg2Ni2RhZn2Zr
2277,Mg2PdPt2Sc2Zn
2278,Mg2Pt2RhTm3Zn
2279,Mg2Pt2ScTiZn2
2280,Mg2Pt2ScZn2Zr
2281,Mg2Pt2TiZn2Zr
2282,NaSeSmTe2Zn
2283,NaSe2SmTeZn
2284,NdPd2Pr2Si4Zn2
2285,NdPd2Pr2Si4Zn2
2286,NdPd2Si4Sm2Zn2
2287,NdPd2Si4Sm2Zn2
2288,NdPr2Rh2Si4Zn2
2289,NdPr2Rh2Si4Zn2
2290,Nd2Pd2PrSi4Zn2
2291,Nd2Pd2PrSi4Zn2
2292,Nd2Pd2Si4SmZn2
2293,Nd2Pd2Si4SmZn2
2294,Nd2PrRh2Si4Zn2
2295,Nd2PrRh2Si4Zn2
2296,NiRh2SnTm3Zn2
2297,NiRh2Sn2Tm3Zn
2298,Ni2PrSi4Sm2Zn2
2299,Ni2PrSi4Sm2Zn2
2300,Ni2Pr2Si4SmZn2
2301,Ni2Pr2Si4SmZn2
2302,Pd2PrSi4Sm2Zn2
2303,Pd2PrSi4Sm2Zn2
2304,Pd2Pr2Si4SmZn2
2305,Pd2Pr2Si4SmZn2
2306,PrSeTe2TlZn
2307,PrSe2TeTlZn
2308,Pt2RhSnTm3Zn2
2309,Pt2RhSnY3Zn2
2310,Pt2RhSn2Tm3Zn
2311,Pt2RhSn2Y3Zn
2312,Pt2RhTmY2Zn3
2313,Pt2RhTmZn3Zr2
2314,Pt2RhTm2YZn3
2315,Pt2RhTm2Zn3Zr
2316,Pt2RhYZn3Zr2
2317,Pt2RhY2Zn3Zr
2318,RbScSeTe2Zn
2319,RbScSe2TeZn
2320,RbSeSmTe2Zn
2321,RbSeTe2YZn
2322,RbSe2SmTeZn
2323,RbSe2TeYZn
2324,SeTe2TlTmZn
2325,SeTe2TlYZn
2326,Se2TeTlTmZn
2327,Se2TeTlYZn
2328,Li2 Y2 Cd2 I2 Br10
2329,K2 Al2 Hg2 I2 Br10
2330,Na2 Sc2 Zn2 I10 Br2
2331,Na2 Sc2 Zn2 I2 Br10
2332,K2 Sc2 Zn2 I10 Br2
2333,Li2 Y2 Zn2 I2 Br10
2334,K2 Sc2 Cd2 I2 Br10
2335,K2 Y2 Cd2 I2 Br10
2336,K2 Y2 Zn2 I2 Br10
2337,Na2 Al2 Cd2 I2 Br10
2338,K2 Sc2 Zn2 I2 Br10
2339,K2 Sc2 Cd2 I10 Br2
2340,Li2 Al2 Hg2 I2 Br10
2341,Na2 Sc2 Cd2 I10 Br2
2342,K2 Al2 Zn2 I2 Br10
2343,K4 Hf4 Al4 P4 Br20
2344,K2 Al2 Cd2 I2 Br10
2345,Na2 Sc2 Cd2 I2 Br10
2346,Na2 Al2 Hg2 I2 Br10
2347,Na2 Al2 Zn2 I2 Br10
2348,Li2 Sc2 Cd2 I2 Br10
2349,Li2 Sc2 Zn2 I2 Br10
2350,Na4 Hf4 Al4 P4 Br20
2351,K2 La2 Al4 I4 Br16
2352,K2 Y2 Al4 I4 Br16
2353,K4 Sc4 Al2 P2 Br16
2354,K2 Y1 Al2 P1 Br8
2355,K4 Y4 Al2 P2 Br16
2356,K4 Sc2 Zn4 I16 Br2
2357,Na2 Sc4 Al2 I16 Br4
2358,Li2 Y2 Al4 I4 Br16
2359,K2 Y1 Zn2 I1 Br8
2360,Na2 Y2 Al4 I4 Br16
2361,Li4 Sc4 Al2 P2 Br16
2362,K2 Sc4 Al2 I4 Br16
2363,Li2 Sc2 Al4 I4 Br16
2364,K2 Sc1 Zn2 I1 Br8
2365,Li2 Y4 Al2 I4 Br16
2366,Li4 Y4 Al2 P2 Br16
2367,Na2 La2 Al4 I4 Br16
2368,K4 Y2 Cd4 I2 Br16
2369,K2 Sc4 Al2 I16 Br4
2370,Na2 Sc4 Al2 I4 Br16
2371,K2 Al4 Hg4 P2 Br16
2372,Na2 Sc2 Al4 I4 Br16
2373,Na2 Y4 Al2 I4 Br16
2374,K2 Sc2 Al4 I4 Br16
2375,Li2 Sc4 Al2 I4 Br16
2376,K2 Y4 Al2 I4 Br16
2377,Li4 Sc2 Zn4 I2 Br16
2378,Li2 La2 Al4 I4 Br16
2379,K2 Sc4 Al2 I8 Br12
2380,K2 Sc2 Al2 I4 Br10
2381,Li2 Sc2 Al2 I4 Br10
2382,K2 Sc2 Zn2 I6 Br6
2383,K2 Sc2 Cd2 I6 Br6
2384,Li4 Sc4 Zn4 I8 Br16
2385,Na4 Sc4 Zn4 I8 Br16
2386,Na4 Al4 Cd4 I8 Br16
2387,K2 Sc2 Cd2 I8 Br4
2388,K4 Y4 Cd4 I8 Br16
2389,Li4 Sc4 Cd4 I8 Br16
2390,Na4 Sc4 Cd4 I8 Br16
2391,K4 Sc4 Zn4 I8 Br16
2392,K4 Al4 Hg4 I8 Br16
2393,K4 Sc4 Zn4 I16 Br8
2394,K4 Y4 Zn4 I8 Br16
2395,K4 Sc4 Cd4 I8 Br16
2396,K4 Al4 Cd4 I8 Br16
2397,K4 Y4 Al4 P4 Br16
2398,Li4 Sc4 Al4 P4 Br16
2399,Li4 Y4 Al4 P4 Br16
2400,K4 Sc4 Al4 P4 Br16
2401,Li2 Y2 Al2 I2 Br12
2402,Li2 Hf2 Zn2 I2 Br12
2403,Li2 Sc2 Al2 I2 Br12
2404,K2 Y2 Al2 I2 Br12
2405,Na2 Sc2 Al2 I2 Br12
2406,Na2 Hf2 Cd2 I2 Br12
2407,Na2 Y2 Al2 I2 Br12
2408,Li2 Hf2 Cd2 I2 Br12
2409,K2 Hf2 Zn2 I2 Br12
2410,Na2 Sc2 Al2 I12 Br2
2411,Na2 Hf2 Zn2 I2 Br12
2412,K2 Hf2 Cd2 I2 Br12
2413,K2 Sc4 Cd2 I4 Br14
2414,Na2 Sc4 Cd2 I14 Br4
2415,K2 Y4 Cd2 I4 Br14
2416,Li2 Sc4 Cd2 I4 Br14
2417,K2 Y4 Zn2 I4 Br14
2418,Li2 Sc4 Zn2 I4 Br14
2419,Li4 Hf2 Al2 I4 Br14
2420,Li2 Y4 Cd2 I4 Br14
2421,Na2 Sc4 Zn2 I14 Br4
2422,Na2 Sc4 Cd2 I4 Br14
2423,K2 Sc4 Zn2 I14 Br4
2424,Li2 Y4 Zn2 I4 Br14
2425,K2 Sc4 Cd2 I14 Br4
2426,K2 Sc4 Zn2 I4 Br14
2427,Na2 Sc4 Zn2 I4 Br14
2428,Na2 Y4 Cd2 I4 Br14
2429,Li4 Y2 Al2 I2 Br14
2430,K2 Y4 Al2 P2 Br14
2431,K2 Sc2 Zn4 I14 Br2
2432,K2 Y2 Al4 P2 Br14
2433,Na2 Y4 Al2 P2 Br14
2434,Li2 Y2 Zn4 I2 Br14
2435,K2 Sc4 Al2 P2 Br14
2436,Li2 Sc2 Zn4 I2 Br14
2437,Li2 Sc4 Al2 P2 Br14
2438,Li2 Y4 Al2 P2 Br14
2439,Li4 Sc2 Al2 I2 Br14
2440,K2 Sc2 Cd4 I2 Br14
2441,K2 Sc2 Zn4 I2 Br14
2442,K2 Sc2 Al4 P2 Br14
2443,K2 Y2 Zn4 I2 Br14
2444,K2 Y2 Cd4 I2 Br14
2445,Dy5 Mg5 Al12 Fe4 Si6
2446,Gd5 Mg5 Al12 Fe4 Si6
2447,Y5 Mg5 Al12 Fe4 Si6
2448,Li2 Y2 Cd2 I2 Br10
2449,K2 Al2 Hg2 I2 Br10
2450,Na2 Sc2 Zn2 I10 Br2
2451,Na2 Sc2 Zn2 I2 Br10
2452,K2 Sc2 Zn2 I10 Br2
2453,Li2 Y2 Zn2 I2 Br10
2454,K2 Sc2 Cd2 I2 Br10
2455,K2 Y2 Cd2 I2 Br10
2456,K2 Y2 Zn2 I2 Br10
2457,Na2 Al2 Cd2 I2 Br10
2458,K2 Sc2 Zn2 I2 Br10
2459,K2 Sc2 Cd2 I10 Br2
2460,Li2 Al2 Hg2 I2 Br10
2461,Na2 Sc2 Cd2 I10 Br2
2462,K2 Al2 Zn2 I2 Br10
2463,K4 Hf4 Al4 P4 Br20
2464,K2 Al2 Cd2 I2 Br10
2465,Na2 Sc2 Cd2 I2 Br10
2466,Na2 Al2 Hg2 I2 Br10
2467,Na2 Al2 Zn2 I2 Br10
2468,Li2 Sc2 Cd2 I2 Br10
2469,Li2 Sc2 Zn2 I2 Br10
2470,Na4 Hf4 Al4 P4 Br20
2471,K2 La2 Al4 I4 Br16
2472,K2 Y2 Al4 I4 Br16
2473,K4 Sc4 Al2 P2 Br16
2474,K2 Y1 Al2 P1 Br8
2475,K4 Y4 Al2 P2 Br16
2476,K4 Sc2 Zn4 I16 Br2
2477,Na2 Sc4 Al2 I16 Br4
2478,Li2 Y2 Al4 I4 Br16
2479,K2 Y1 Zn2 I1 Br8
2480,Na2 Y2 Al4 I4 Br16
2481,Li4 Sc4 Al2 P2 Br16
2482,K2 Sc4 Al2 I4 Br16
2483,Li2 Sc2 Al4 I4 Br16
2484,K2 Sc1 Zn2 I1 Br8
2485,Li2 Y4 Al2 I4 Br16
2486,Li4 Y4 Al2 P2 Br16
2487,Na2 La2 Al4 I4 Br16
2488,K4 Y2 Cd4 I2 Br16
2489,K2 Sc4 Al2 I16 Br4
2490,Na2 Sc4 Al2 I4 Br16
2491,K2 Al4 Hg4 P2 Br16
2492,Na2 Sc2 Al4 I4 Br16
2493,Na2 Y4 Al2 I4 Br16
2494,K2 Sc2 Al4 I4 Br16
2495,Li2 Sc4 Al2 I4 Br16
2496,K2 Y4 Al2 I4 Br16
2497,Li4 Sc2 Zn4 I2 Br16
2498,Li2 La2 Al4 I4 Br16
2499,K2 Sc4 Al2 I8 Br12
2500,K2 Sc2 Al2 I4 Br10
2501,Li2 Sc2 Al2 I4 Br10
2502,K2 Sc2 Zn2 I6 Br6
2503,K2 Sc2 Cd2 I6 Br6
2504,Li4 Sc4 Zn4 I8 Br16
2505,Na4 Sc4 Zn4 I8 Br16
2506,Na4 Al4 Cd4 I8 Br16
2507,K2 Sc2 Cd2 I8 Br4
2508,K4 Y4 Cd4 I8 Br16
2509,Li4 Sc4 Cd4 I8 Br16
2510,Na4 Sc4 Cd4 I8 Br16
2511,K4 Sc4 Zn4 I8 Br16
2512,K4 Al4 Hg4 I8 Br16
2513,K4 Sc4 Zn4 I16 Br8
2514,K4 Y4 Zn4 I8 Br16
2515,K4 Sc4 Cd4 I8 Br16
2516,K4 Al4 Cd4 I8 Br16
2517,K4 Y4 Al4 P4 Br16
2518,Li4 Sc4 Al4 P4 Br16
2519,Li4 Y4 Al4 P4 Br16
2520,K4 Sc4 Al4 P4 Br16
2521,Li2 Y2 Al2 I2 Br12
2522,Li2 Hf2 Zn2 I2 Br12
2523,Li2 Sc2 Al2 I2 Br12
2524,K2 Y2 Al2 I2 Br12
2525,Na2 Sc2 Al2 I2 Br12
2526,Na2 Hf2 Cd2 I2 Br12
2527,Na2 Y2 Al2 I2 Br12
2528,Li2 Hf2 Cd2 I2 Br12
2529,K2 Hf2 Zn2 I2 Br12
2530,Na2 Sc2 Al2 I12 Br2
2531,Na2 Hf2 Zn2 I2 Br12
2532,K2 Hf2 Cd2 I2 Br12
2533,K2 Sc4 Cd2 I4 Br14
2534,Na2 Sc4 Cd2 I14 Br4
2535,K2 Y4 Cd2 I4 Br14
2536,Li2 Sc4 Cd2 I4 Br14
2537,K2 Y4 Zn2 I4 Br14
2538,Li2 Sc4 Zn2 I4 Br14
2539,Li4 Hf2 Al2 I4 Br14
2540,Li2 Y4 Cd2 I4 Br14
2541,Na2 Sc4 Zn2 I14 Br4
2542,Na2 Sc4 Cd2 I4 Br14
2543,K2 Sc4 Zn2 I14 Br4
2544,Li2 Y4 Zn2 I4 Br14
2545,K2 Sc4 Cd2 I14 Br4
2546,K2 Sc4 Zn2 I4 Br14
2547,Na2 Sc4 Zn2 I4 Br14
2548,Na2 Y4 Cd2 I4 Br14
2549,Li4 Y2 Al2 I2 Br14
2550,K2 Y4 Al2 P2 Br14
2551,K2 Sc2 Zn4 I14 Br2
2552,K2 Y2 Al4 P2 Br14
2553,Na2 Y4 Al2 P2 Br14
2554,Li2 Y2 Zn4 I2 Br14
2555,K2 Sc4 Al2 P2 Br14
2556,Li2 Sc2 Zn4 I2 Br14
2557,Li2 Sc4 Al2 P2 Br14
2558,Li2 Y4 Al2 P2 Br14
2559,Li4 Sc2 Al2 I2 Br14
2560,K2 Sc2 Cd4 I2 Br14
2561,K2 Sc2 Zn4 I2 Br14
2562,K2 Sc2 Al4 P2 Br14
2563,K2 Y2 Zn4 I2 Br14
2564,K2 Y2 Cd4 I2 Br14
2565,Dy5 Mg5 Al12 Fe4 Si6
2566,Gd5 Mg5 Al12 Fe4 Si6
2567,Y5 Mg5 Al12 Fe4 Si6
2568,Li2 Y2 Cd2 I2 Br10
2569,K2 Al2 Hg2 I2 Br10
2570,Na2 Sc2 Zn2 I10 Br2
2571,Na2 Sc2 Zn2 I2 Br10
2572,K2 Sc2 Zn2 I10 Br2
2573,Li2 Y2 Zn2 I2 Br10
2574,K2 Sc2 Cd2 I2 Br10
2575,K2 Y2 Cd2 I2 Br10
2576,K2 Y2 Zn2 I2 Br10
2577,Na2 Al2 Cd2 I2 Br10
2578,K2 Sc2 Zn2 I2 Br10
2579,K2 Sc2 Cd2 I10 Br2
2580,Li2 Al2 Hg2 I2 Br10
2581,Na2 Sc2 Cd2 I10 Br2
2582,K2 Al2 Zn2 I2 Br10
2583,K4 Hf4 Al4 P4 Br20
2584,K2 Al2 Cd2 I2 Br10
2585,Na2 Sc2 Cd2 I2 Br10
2586,Na2 Al2 Hg2 I2 Br10
2587,Na2 Al2 Zn2 I2 Br10
2588,Li2 Sc2 Cd2 I2 Br10
2589,Li2 Sc2 Zn2 I2 Br10
2590,Na4 Hf4 Al4 P4 Br20
2591,K2 La2 Al4 I4 Br16
2592,K2 Y2 Al4 I4 Br16
2593,K4 Sc4 Al2 P2 Br16
2594,K2 Y1 Al2 P1 Br8
2595,K4 Y4 Al2 P2 Br16
2596,K4 Sc2 Zn4 I16 Br2
2597,Na2 Sc4 Al2 I16 Br4
2598,Li2 Y2 Al4 I4 Br16
2599,K2 Y1 Zn2 I1 Br8
2600,Na2 Y2 Al4 I4 Br16
2601,Li4 Sc4 Al2 P2 Br16
2602,K2 Sc4 Al2 I4 Br16
2603,Li2 Sc2 Al4 I4 Br16
2604,K2 Sc1 Zn2 I1 Br8
2605,Li2 Y4 Al2 I4 Br16
2606,Li4 Y4 Al2 P2 Br16
2607,Na2 La2 Al4 I4 Br16
2608,K4 Y2 Cd4 I2 Br16
2609,K2 Sc4 Al2 I16 Br4
2610,Na2 Sc4 Al2 I4 Br16
2611,K2 Al4 Hg4 P2 Br16
2612,Na2 Sc2 Al4 I4 Br16
2613,Na2 Y4 Al2 I4 Br16
2614,K2 Sc2 Al4 I4 Br16
2615,Li2 Sc4 Al2 I4 Br16
2616,K2 Y4 Al2 I4 Br16
2617,Li4 Sc2 Zn4 I2 Br16
2618,Li2 La2 Al4 I4 Br16
2619,K2 Sc4 Al2 I8 Br12
2620,K2 Sc2 Al2 I4 Br10
2621,Li2 Sc2 Al2 I4 Br10
2622,K2 Sc2 Zn2 I6 Br6
2623,K2 Sc2 Cd2 I6 Br6
2624,Li4 Sc4 Zn4 I8 Br16
2625,Na4 Sc4 Zn4 I8 Br16
2626,Na4 Al4 Cd4 I8 Br16
2627,K2 Sc2 Cd2 I8 Br4
2628,K4 Y4 Cd4 I8 Br16
2629,Li4 Sc4 Cd4 I8 Br16
2630,Na4 Sc4 Cd4 I8 Br16
2631,K4 Sc4 Zn4 I8 Br16
2632,K4 Al4 Hg4 I8 Br16
2633,K4 Sc4 Zn4 I16 Br8
2634,K4 Y4 Zn4 I8 Br16
2635,K4 Sc4 Cd4 I8 Br16
2636,K4 Al4 Cd4 I8 Br16
2637,K4 Y4 Al4 P4 Br16
2638,Li4 Sc4 Al4 P4 Br16
2639,Li4 Y4 Al4 P4 Br16
2640,K4 Sc4 Al4 P4 Br16
2641,Li2 Y2 Al2 I2 Br12
2642,Li2 Hf2 Zn2 I2 Br12
2643,Li2 Sc2 Al2 I2 Br12
2644,K2 Y2 Al2 I2 Br12
2645,Na2 Sc2 Al2 I2 Br12
2646,Na2 Hf2 Cd2 I2 Br12
2647,Na2 Y2 Al2 I2 Br12
2648,Li2 Hf2 Cd2 I2 Br12
2649,K2 Hf2 Zn2 I2 Br12
2650,Na2 Sc2 Al2 I12 Br2
2651,Na2 Hf2 Zn2 I2 Br12
2652,K2 Hf2 Cd2 I2 Br12
2653,K2 Sc4 Cd2 I4 Br14
2654,Na2 Sc4 Cd2 I14 Br4
2655,K2 Y4 Cd2 I4 Br14
2656,Li2 Sc4 Cd2 I4 Br14
2657,K2 Y4 Zn2 I4 Br14
2658,Li2 Sc4 Zn2 I4 Br14
2659,Li4 Hf2 Al2 I4 Br14
2660,Li2 Y4 Cd2 I4 Br14
2661,Na2 Sc4 Zn2 I14 Br4
2662,Na2 Sc4 Cd2 I4 Br14
2663,K2 Sc4 Zn2 I14 Br4
2664,Li2 Y4 Zn2 I4 Br14
2665,K2 Sc4 Cd2 I14 Br4
2666,K2 Sc4 Zn2 I4 Br14
2667,Na2 Sc4 Zn2 I4 Br14
2668,Na2 Y4 Cd2 I4 Br14
2669,Li4 Y2 Al2 I2 Br14
2670,K2 Y4 Al2 P2 Br14
2671,K2 Sc2 Zn4 I14 Br2
2672,K2 Y2 Al4 P2 Br14
2673,Na2 Y4 Al2 P2 Br14
2674,Li2 Y2 Zn4 I2 Br14
2675,K2 Sc4 Al2 P2 Br14
2676,Li2 Sc2 Zn4 I2 Br14
2677,Li2 Sc4 Al2 P2 Br14
2678,Li2 Y4 Al2 P2 Br14
2679,Li4 Sc2 Al2 I2 Br14
2680,K2 Sc2 Cd4 I2 Br14
2681,K2 Sc2 Zn4 I2 Br14
2682,K2 Sc2 Al4 P2 Br14
2683,K2 Y2 Zn4 I2 Br14
2684,K2 Y2 Cd4 I2 Br14
2685,Dy5 Mg5 Al12 Fe4 Si6
2686,Gd5 Mg5 Al12 Fe4 Si6
2687,Y5 Mg5 Al12 Fe4 Si6
2688,Li2 Y2 Cd2 I2 Br10
2689,K2 Al2 Hg2 I2 Br10
2690,Na2 Sc2 Zn2 I10 Br2
2691,Na2 Sc2 Zn2 I2 Br10
2692,K2 Sc2 Zn2 I10 Br2
2693,Li2 Y2 Zn2 I2 Br10
2694,K2 Sc2 Cd2 I2 Br10
2695,K2 Y2 Cd2 I2 Br10
2696,K2 Y2 Zn2 I2 Br10
2697,Na2 Al2 Cd2 I2 Br10
2698,K2 Sc2 Zn2 I2 Br10
2699,K2 Sc2 Cd2 I10 Br2
2700,Li2 Al2 Hg2 I2 Br10
2701,Na2 Sc2 Cd2 I10 Br2
2702,K2 Al2 Zn2 I2 Br10
2703,K4 Hf4 Al4 P4 Br20
2704,K2 Al2 Cd2 I2 Br10
2705,Na2 Sc2 Cd2 I2 Br10
2706,Na2 Al2 Hg2 I2 Br10
2707,Na2 Al2 Zn2 I2 Br10
2708,Li2 Sc2 Cd2 I2 Br10
2709,Li2 Sc2 Zn2 I2 Br10
2710,Na4 Hf4 Al4 P4 Br20
2711,K2 La2 Al4 I4 Br16
2712,K2 Y2 Al4 I4 Br16
2713,K4 Sc4 Al2 P2 Br16
2714,K2 Y1 Al2 P1 Br8
2715,K4 Y4 Al2 P2 Br16
2716,K4 Sc2 Zn4 I16 Br2
2717,Na2 Sc4 Al2 I16 Br4
2718,Li2 Y2 Al4 I4 Br16
2719,K2 Y1 Zn2 I1 Br8
2720,Na2 Y2 Al4 I4 Br16
2721,Li4 Sc4 Al2 P2 Br16
2722,K2 Sc4 Al2 I4 Br16
2723,Li2 Sc2 Al4 I4 Br16
2724,K2 Sc1 Zn2 I1 Br8
2725,Li2 Y4 Al2 I4 Br16
2726,Li4 Y4 Al2 P2 Br16
2727,Na2 La2 Al4 I4 Br16
2728,K4 Y2 Cd4 I2 Br16
2729,K2 Sc4 Al2 I16 Br4
2730,Na2 Sc4 Al2 I4 Br16
2731,K2 Al4 Hg4 P2 Br16
2732,Na2 Sc2 Al4 I4 Br16
2733,Na2 Y4 Al2 I4 Br16
2734,K2 Sc2 Al4 I4 Br16
2735,Li2 Sc4 Al2 I4 Br16
2736,K2 Y4 Al2 I4 Br16
2737,Li4 Sc2 Zn4 I2 Br16
2738,Li2 La2 Al4 I4 Br16
2739,K2 Sc4 Al2 I8 Br12
2740,K2 Sc2 Al2 I4 Br10
2741,Li2 Sc2 Al2 I4 Br10
2742,K2 Sc2 Zn2 I6 Br6
2743,K2 Sc2 Cd2 I6 Br6
2744,Li4 Sc4 Zn4 I8 Br16
2745,Na4 Sc4 Zn4 I8 Br16
2746,Na4 Al4 Cd4 I8 Br16
2747,K2 Sc2 Cd2 I8 Br4
2748,K4 Y4 Cd4 I8 Br16
2749,Li4 Sc4 Cd4 I8 Br16
2750,Na4 Sc4 Cd4 I8 Br16
2751,K4 Sc4 Zn4 I8 Br16
2752,K4 Al4 Hg4 I8 Br16
2753,K4 Sc4 Zn4 I16 Br8
2754,K4 Y4 Zn4 I8 Br16
2755,K4 Sc4 Cd4 I8 Br16
2756,K4 Al4 Cd4 I8 Br16
2757,K4 Y4 Al4 P4 Br16
2758,Li4 Sc4 Al4 P4 Br16
2759,Li4 Y4 Al4 P4 Br16
2760,K4 Sc4 Al4 P4 Br16
2761,Li2 Y2 Al2 I2 Br12
2762,Li2 Hf2 Zn2 I2 Br12
2763,Li2 Sc2 Al2 I2 Br12
2764,K2 Y2 Al2 I2 Br12
2765,Na2 Sc2 Al2 I2 Br12
2766,Na2 Hf2 Cd2 I2 Br12
2767,Na2 Y2 Al2 I2 Br12
2768,Li2 Hf2 Cd2 I2 Br12
2769,K2 Hf2 Zn2 I2 Br12
2770,Na2 Sc2 Al2 I12 Br2
2771,Na2 Hf2 Zn2 I2 Br12
2772,K2 Hf2 Cd2 I2 Br12
2773,K2 Sc4 Cd2 I4 Br14
2774,Na2 Sc4 Cd2 I14 Br4
2775,K2 Y4 Cd2 I4 Br14
2776,Li2 Sc4 Cd2 I4 Br14
2777,K2 Y4 Zn2 I4 Br14
2778,Li2 Sc4 Zn2 I4 Br14
2779,Li4 Hf2 Al2 I4 Br14
2780,Li2 Y4 Cd2 I4 Br14
2781,Na2 Sc4 Zn2 I14 Br4
2782,Na2 Sc4 Cd2 I4 Br14
2783,K2 Sc4 Zn2 I14 Br4
2784,Li2 Y4 Zn2 I4 Br14
2785,K2 Sc4 Cd2 I14 Br4
2786,K2 Sc4 Zn2 I4 Br14
2787,Na2 Sc4 Zn2 I4 Br14
2788,Na2 Y4 Cd2 I4 Br14
2789,Li4 Y2 Al2 I2 Br14
2790,K2 Y4 Al2 P2 Br14
2791,K2 Sc2 Zn4 I14 Br2
2792,K2 Y2 Al4 P2 Br14
2793,Na2 Y4 Al2 P2 Br14
2794,Li2 Y2 Zn4 I2 Br14
2795,K2 Sc4 Al2 P2 Br14
2796,Li2 Sc2 Zn4 I2 Br14
2797,Li2 Sc4 Al2 P2 Br14
2798,Li2 Y4 Al2 P2 Br14
2799,Li4 Sc2 Al2 I2 Br14
2800,K2 Sc2 Cd4 I2 Br14
2801,K2 Sc2 Zn4 I2 Br14
2802,K2 Sc2 Al4 P2 Br14
2803,K2 Y2 Zn4 I2 Br14
2804,K2 Y2 Cd4 I2 Br14
2805,Dy5 Mg5 Al12 Fe4 Si6
2806,Gd5 Mg5 Al12 Fe4 Si6
2807,Y5 Mg5 Al12 Fe4 Si6
2808,Li2 Y2 Cd2 I2 Br10
2809,K2 Al2 Hg2 I2 Br10
2810,Na2 Sc2 Zn2 I10 Br2
2811,Na2 Sc2 Zn2 I2 Br10
2812,K2 Sc2 Zn2 I10 Br2
2813,Li2 Y2 Zn2 I2 Br10
2814,K2 Sc2 Cd2 I2 Br10
2815,K2 Y2 Cd2 I2 Br10
2816,K2 Y2 Zn2 I2 Br10
2817,Na2 Al2 Cd2 I2 Br10
2818,K2 Sc2 Zn2 I2 Br10
2819,K2 Sc2 Cd2 I10 Br2
2820,Li2 Al2 Hg2 I2 Br10
2821,Na2 Sc2 Cd2 I10 Br2
2822,K2 Al2 Zn2 I2 Br10
2823,K4 Hf4 Al4 P4 Br20
2824,K2 Al2 Cd2 I2 Br10
2825,Na2 Sc2 Cd2 I2 Br10
2826,Na2 Al2 Hg2 I2 Br10
2827,Na2 Al2 Zn2 I2 Br10
2828,Li2 Sc2 Cd2 I2 Br10
2829,Li2 Sc2 Zn2 I2 Br10
2830,Na4 Hf4 Al4 P4 Br20
2831,K2 La2 Al4 I4 Br16
2832,K2 Y2 Al4 I4 Br16
2833,K4 Sc4 Al2 P2 Br16
2834,K2 Y1 Al2 P1 Br8
2835,K4 Y4 Al2 P2 Br16
2836,K4 Sc2 Zn4 I16 Br2
2837,Na2 Sc4 Al2 I16 Br4
2838,Li2 Y2 Al4 I4 Br16
2839,K2 Y1 Zn2 I1 Br8
2840,Na2 Y2 Al4 I4 Br16
2841,Li4 Sc4 Al2 P2 Br16
2842,K2 Sc4 Al2 I4 Br16
2843,Li2 Sc2 Al4 I4 Br16
2844,K2 Sc1 Zn2 I1 Br8
2845,Li2 Y4 Al2 I4 Br16
2846,Li4 Y4 Al2 P2 Br16
2847,Na2 La2 Al4 I4 Br16
2848,K4 Y2 Cd4 I2 Br16
2849,K2 Sc4 Al2 I16 Br4
2850,Na2 Sc4 Al2 I4 Br16
2851,K2 Al4 Hg4 P2 Br16
2852,Na2 Sc2 Al4 I4 Br16
2853,Na2 Y4 Al2 I4 Br16
2854,K2 Sc2 Al4 I4 Br16
2855,Li2 Sc4 Al2 I4 Br16
2856,K2 Y4 Al2 I4 Br16
2857,Li4 Sc2 Zn4 I2 Br16
2858,Li2 La2 Al4 I4 Br16
2859,K2 Sc4 Al2 I8 Br12
2860,K2 Sc2 Al2 I4 Br10
2861,Li2 Sc2 Al2 I4 Br10
2862,K2 Sc2 Zn2 I6 Br6
2863,K2 Sc2 Cd2 I6 Br6
2864,Li4 Sc4 Zn4 I8 Br16
2865,Na4 Sc4 Zn4 I8 Br16
2866,Na4 Al4 Cd4 I8 Br16
2867,K2 Sc2 Cd2 I8 Br4
2868,K4 Y4 Cd4 I8 Br16
2869,Li4 Sc4 Cd4 I8 Br16
2870,Na4 Sc4 Cd4 I8 Br16
2871,K4 Sc4 Zn4 I8 Br16
2872,K4 Al4 Hg4 I8 Br16
2873,K4 Sc4 Zn4 I16 Br8
2874,K4 Y4 Zn4 I8 Br16
2875,K4 Sc4 Cd4 I8 Br16
2876,K4 Al4 Cd4 I8 Br16
2877,K4 Y4 Al4 P4 Br16
2878,Li4 Sc4 Al4 P4 Br16
2879,Li4 Y4 Al4 P4 Br16
2880,K4 Sc4 Al4 P4 Br16
2881,Li2 Y2 Al2 I2 Br12
2882,Li2 Hf2 Zn2 I2 Br12
2883,Li2 Sc2 Al2 I2 Br12
2884,K2 Y2 Al2 I2 Br12
2885,Na2 Sc2 Al2 I2 Br12
2886,Na2 Hf2 Cd2 I2 Br12
2887,Na2 Y2 Al2 I2 Br12
2888,Li2 Hf2 Cd2 I2 Br12
2889,K2 Hf2 Zn2 I2 Br12
2890,Na2 Sc2 Al2 I12 Br2
2891,Na2 Hf2 Zn2 I2 Br12
2892,K2 Hf2 Cd2 I2 Br12
2893,K2 Sc4 Cd2 I4 Br14
2894,Na2 Sc4 Cd2 I14 Br4
2895,K2 Y4 Cd2 I4 Br14
2896,Li2 Sc4 Cd2 I4 Br14
2897,K2 Y4 Zn2 I4 Br14
2898,Li2 Sc4 Zn2 I4 Br14
2899,Li4 Hf2 Al2 I4 Br14
2900,Li2 Y4 Cd2 I4 Br14
2901,Na2 Sc4 Zn2 I14 Br4
2902,Na2 Sc4 Cd2 I4 Br14
2903,K2 Sc4 Zn2 I14 Br4
2904,Li2 Y4 Zn2 I4 Br14
2905,K2 Sc4 Cd2 I14 Br4
2906,K2 Sc4 Zn2 I4 Br14
2907,Na2 Sc4 Zn2 I4 Br14
2908,Na2 Y4 Cd2 I4 Br14
2909,Li4 Y2 Al2 I2 Br14
2910,K2 Y4 Al2 P2 Br14
2911,K2 Sc2 Zn4 I14 Br2
2912,K2 Y2 Al4 P2 Br14
2913,Na2 Y4 Al2 P2 Br14
2914,Li2 Y2 Zn4 I2 Br14
2915,K2 Sc4 Al2 P2 Br14
2916,Li2 Sc2 Zn4 I2 Br14
2917,Li2 Sc4 Al2 P2 Br14
2918,Li2 Y4 Al2 P2 Br14
2919,Li4 Sc2 Al2 I2 Br14
2920,K2 Sc2 Cd4 I2 Br14
2921,K2 Sc2 Zn4 I2 Br14
2922,K2 Sc2 Al4 P2 Br14
2923,K2 Y2 Zn4 I2 Br14
2924,K2 Y2 Cd4 I2 Br14
2925,Dy5 Mg5 Al12 Fe4 Si6
2926,Gd5 Mg5 Al12 Fe4 Si6
2927,Y5 Mg5 Al12 Fe4 Si6
2928,Al12Dy5Fe4Mg5Si6
2929,Al12Dy5Fe4Mg5Si6
2930,Al12Dy5Fe4Mg5Si6
2931,Al12Dy5Fe4Mg5Si6
2932,Al12Fe4Gd5Mg5Si6
2933,Al12Fe4Gd5Mg5Si6
2934,Al12Fe4Gd5Mg5Si6
2935,Al12Fe4Mg5Si6Y5
2936,Al12Fe4Mg5Si6Y5
2937,Al12Fe4Mg5Si6Y5
2938,Al12Fe4Mg5Si6Y5
2939,Al2As2Br2Li30Se22
2940,Al2As2Br2Li34Se22
2941,Al2As2Br4Li28Se20
2942,Al2As2Br4Li32Se20
2943,Al2As2Br6Li26Se18
2944,Al2As2Br6Li30Se18
2945,Al2As2Br8Li24Se16
2946,Al2As2Br8Li28Se16
2947,Al2As2I2Li30Se22
2948,Al2As2I2Li34Se22
2949,Al2As2I4Li28Se20
2950,Al2As2I4Li32Se20
2951,Al2As2I6Li26Se18
2952,Al2As2I6Li30Se18
2953,Al2As2I8Li24Se16
2954,Al2As2I8Li28Se16
2955,Al2Br2Ga2Li34Se22
2956,Al2Br2Ge2Li34Se22
2957,Al2Br2Li30P2Se22
2958,Al2Br2Li34P2Se22
2959,Al2Br4Ga2Li32Se20
2960,Al2Br4Ge2Li32Se20
2961,Al2Br4Li28P2Se20
2962,Al2Br4Li32P2Se20
2963,Al2Br6Ga2Li30Se18
2964,Al2Br6Ge2Li30Se18
2965,Al2Br6Li26P2Se18
2966,Al2Br6Li30P2Se18
2967,Al2Br8Ga2Li28Se16
2968,Al2Br8Ge2Li28Se16
2969,Al2Br8Li24P2Se16
2970,Al2Br8Li28P2Se16
2971,CAl2Fe13Mn2Sm2
2972,Al2Ga2I2Li34Se22
2973,Al2Ga2I4Li32Se20
2974,Al2Ga2I6Li30Se18
2975,Al2Ga2I8Li28Se16
2976,Al2Ge2I2Li34Se22
2977,Al2Ge2I4Li32Se20
2978,Al2Ge2I6Li30Se18
2979,Al2Ge2I8Li28Se16
2980,Al2I2Li30P2Se22
2981,Al2I2Li34P2Se22
2982,Al2I4Li28P2Se20
2983,Al2I4Li32P2Se20
2984,Al2I6Li26P2Se18
2985,Al2I6Li30P2Se18
2986,Al2I8Li24P2Se16
2987,Al2I8Li28P2Se16
2988,Al3La6Ni4RuSn
2989,Al3La6Ni4RuSn
2990,C5CrHfMoTiW
2991,C5CrHfMoTiW
2992,C5CrHfMoTiW
2993,C5CrHfMoTiW
2994,C5CrHfMoTiW
2995,C5CrHfMoTiW
2996,C5CrHfMoTiW
2997,C5CrHfMoTiW
2998,C5CrHfMoTiW
2999,C5CrHfMoTiW
3000,C5CrHfMoTiW
3001,C5CrHfMoTiW
3002,C5CrHfMoTiW
3003,C5CrHfMoTiW
3004,C5CrHfMoTiW
3005,C5CrHfMoTiW
3006,C5CrHfMoTiW
3007,C5CrHfMoTiW
3008,C5CrHfMoTiW
3009,C5CrHfMoTiW
3010,C5CrHfMoTiW
3011,C5CrHfMoTiW
3012,C5CrHfMoTiW
3013,C5CrHfMoTiW
3014,C5CrHfMoTiW
3015,C5CrHfMoTiW
3016,C5CrHfMoTiW
3017,C5CrHfMoTiW
3018,C5CrHfMoTiW
3019,C5CrHfMoTiW
3020,C5CrHfMoTiW
3021,C5CrHfMoTiW
3022,C5CrHfMoTiW
3023,C5CrHfMoTiW
3024,C5CrHfMoTiW
3025,C5CrHfMoTiW
3026,C5CrHfMoTiW
3027,C5CrHfMoTiW
3028,C5CrHfMoTiW
3029,C5CrHfMoTiW
3030,C5CrHfMoTiW
3031,C5CrHfMoTiW
3032,C5CrHfMoTiW
3033,C5CrHfMoTiW
3034,C5CrHfMoTiW
3035,C5CrHfMoTiW
3036,C5CrHfMoTiW
3037,C5CrHfMoTiW
3038,C5CrHfMoTiW
3039,C5CrHfMoTiW
3040,C5CrHfMoTiW
3041,C5CrHfMoTiW
3042,C5CrHfMoTiW
3043,C5CrHfMoTiW
3044,C5CrHfMoTiW
3045,C5CrHfMoTiW
3046,C5CrHfMoTiW
3047,C5CrHfMoTiW
3048,C5CrHfMoTiW
3049,C5CrHfMoTiW
3050,C5CrHfMoTiW
3051,C5CrHfMoTiW
3052,C5CrHfMoTiW
3053,C5CrHfMoTiW
3054,C5CrHfMoTiW
3055,C5CrHfMoTiW
3056,C5CrHfMoTiW
3057,C5CrHfMoTiW
3058,C5CrHfMoTiW
3059,C5CrHfMoTiW
3060,C5CrHfMoTiW
3061,C5CrHfMoTiW
3062,C5CrHfMoTiW
3063,C5CrHfMoTiW
3064,C5CrHfMoTiW
3065,C5CrHfMoTiW
3066,C5CrHfMoTiW
3067,C5CrHfMoTiW
3068,C5CrHfMoTiW
3069,C5CrHfMoTiW
3070,C5CrHfMoTiW
3071,C5CrHfMoTiW
3072,C5CrHfMoTiW
3073,C5CrHfMoTiW
3074,C5CrHfMoTiW
3075,C5CrHfMoTiW
3076,C5CrHfMoTiW
3077,C5CrHfMoTiW
3078,C5CrHfMoTiW
3079,C5CrHfMoTiW
3080,C5CrHfMoTiW
3081,C5CrHfMoTiW
3082,C5CrHfMoTiW
3083,C5CrHfMoTiW
3084,C5CrHfMoTiW
3085,C5CrHfMoTiW
3086,C5CrHfMoTiW
3087,C5CrHfMoTiW
3088,C5CrHfMoTiW
3089,C5CrHfMoTiW
3090,C5CrHfMoTiW
3091,C5CrHfMoTiW
3092,C5CrHfMoTiW
3093,C5CrHfMoTiW
3094,C5CrHfMoTiW
3095,C5CrHfMoTiW
3096,C5CrHfMoTiW
3097,C5CrHfMoTiW
3098,C5CrHfMoTiW
3099,C5CrHfMoTiW
3100,C5CrHfMoTiW
3101,C5CrHfMoTiW
3102,C5CrHfMoTiW
3103,C5CrHfMoTiW
3104,C5CrHfMoTiW
3105,C5CrHfMoTiW
3106,C5CrHfMoTiW
3107,C5CrHfMoTiW
3108,C5CrHfMoTiW
3109,C5CrHfMoTiW
3110,C5CrHfMoTiW
3111,C5CrHfMoTiW
3112,C5CrHfMoTiW
3113,C5CrHfMoTiW
3114,C5CrHfMoTiW
3115,C5CrHfMoTiW
3116,C5CrHfMoTiW
3117,C5CrHfMoTiW
3118,C5CrHfMoTiW
3119,C5CrHfMoTiW
3120,C5CrHfMoTiW
3121,C5CrHfMoTiW
3122,C5CrHfMoTiW
3123,C5CrHfMoTiW
3124,C5CrHfMoTiW
3125,C5CrHfMoTiW
3126,C5CrHfMoTiW
3127,C5CrHfMoTiW
3128,C5CrHfMoTiW
3129,C5CrHfMoTiW
3130,C5CrHfMoTiW
3131,C5CrHfMoTiW
3132,C5CrHfMoTiW
3133,C5CrHfMoTiW
3134,C5CrHfMoTiW
3135,C5CrHfMoTiW
3136,C5CrHfMoTiW
3137,C5CrHfTaWZr
3138,C5CrHfTaWZr
3139,C5CrHfTaWZr
3140,C5CrHfTaWZr
3141,C5CrHfTaWZr
3142,C5CrHfTaWZr
3143,C5CrHfTaWZr
3144,C5CrHfTaWZr
3145,C5CrHfTaWZr
3146,C5CrHfTaWZr
3147,C5CrHfTaWZr
3148,C5CrHfTaWZr
3149,C5CrHfTaWZr
3150,C5CrHfTaWZr
3151,C5CrHfTaWZr
3152,C5CrHfTaWZr
3153,C5CrHfTaWZr
3154,C5CrHfTaWZr
3155,C5CrHfTaWZr
3156,C5CrHfTaWZr
3157,C5CrHfTaWZr
3158,C5CrHfTaWZr
3159,C5CrHfTaWZr
3160,C5CrHfTaWZr
3161,C5CrHfTaWZr
3162,C5CrHfTaWZr
3163,C5CrHfTaWZr
3164,C5CrHfTaWZr
3165,C5CrHfTaWZr
3166,C5CrHfTaWZr
3167,C5CrHfTaWZr
3168,C5CrHfTaWZr
3169,C5CrHfTaWZr
3170,C5CrHfTaWZr
3171,C5CrHfTaWZr
3172,C5CrHfTaWZr
3173,C5CrHfTaWZr
3174,C5CrHfTaWZr
3175,C5CrHfTaWZr
3176,C5CrHfTaWZr
3177,C5CrHfTaWZr
3178,C5CrHfTaWZr
3179,C5CrHfTaWZr
3180,C5CrHfTaWZr
3181,C5CrHfTaWZr
3182,C5CrHfTaWZr
3183,C5CrHfTaWZr
3184,C5CrHfTaWZr
3185,C5CrHfTaWZr
3186,C5CrHfTaWZr
3187,C5CrHfTaWZr
3188,C5CrHfTaWZr
3189,C5CrHfTaWZr
3190,C5CrHfTaWZr
3191,C5CrHfTaWZr
3192,C5CrHfTaWZr
3193,C5CrHfTaWZr
3194,C5CrHfTaWZr
3195,C5CrHfTaWZr
3196,C5CrHfTaWZr
3197,C5CrHfTaWZr
3198,C5CrHfTaWZr
3199,C5CrHfTaWZr
3200,C5CrHfTaWZr
3201,C5CrHfTaWZr
3202,C5CrHfTaWZr
3203,C5CrHfTaWZr
3204,C5CrHfTaWZr
3205,C5CrHfTaWZr
3206,C5CrHfTaWZr
3207,C5CrHfTaWZr
3208,C5CrHfTaWZr
3209,C5CrHfTaWZr
3210,C5CrHfTaWZr
3211,C5CrHfTaWZr
3212,C5CrHfTaWZr
3213,C5CrHfTaWZr
3214,C5CrHfTaWZr
3215,C5CrHfTaWZr
3216,C5CrHfTaWZr
3217,C5CrHfTaWZr
3218,C5CrHfTaWZr
3219,C5CrHfTaWZr
3220,C5CrHfTaWZr
3221,C5CrHfTaWZr
3222,C5CrHfTaWZr
3223,C5CrHfTaWZr
3224,C5CrHfTaWZr
3225,C5CrHfTaWZr
3226,C5CrHfTaWZr
3227,C5CrHfTaWZr
3228,C5CrHfTaWZr
3229,C5CrHfTaWZr
3230,C5CrHfTaWZr
3231,C5CrHfTaWZr
3232,C5CrHfTaWZr
3233,C5CrHfTaWZr
3234,C5CrHfTaWZr
3235,C5CrHfTaWZr
3236,C5CrHfTaWZr
3237,C5CrHfTaWZr
3238,C5CrHfTaWZr
3239,C5CrHfTaWZr
3240,C5CrHfTaWZr
3241,C5CrHfTaWZr
3242,C5CrHfTaWZr
3243,C5CrHfTaWZr
3244,C5CrHfTaWZr
3245,C5CrHfTaWZr
3246,C5CrHfTaWZr
3247,C5CrHfTaWZr
3248,C5CrHfTaWZr
3249,C5CrHfTaWZr
3250,C5CrHfTaWZr
3251,C5CrHfTaWZr
3252,C5CrHfTaWZr
3253,C5CrHfTaWZr
3254,C5CrHfTaWZr
3255,C5CrHfTaWZr
3256,C5CrHfTaWZr
3257,C5CrHfTaWZr
3258,C5CrHfTaWZr
3259,C5CrHfTaWZr
3260,C5CrHfTaWZr
3261,C5CrHfTaWZr
3262,C5CrHfTaWZr
3263,C5CrHfTaWZr
3264,C5CrHfTaWZr
3265,C5CrHfTaWZr
3266,C5CrHfTaWZr
3267,C5CrHfTaWZr
3268,C5CrHfTaWZr
3269,C5CrHfTaWZr
3270,C5CrHfTaWZr
3271,C5CrHfTaWZr
3272,C5CrHfTaWZr
3273,C5CrHfTaWZr
3274,C5CrHfTaWZr
3275,C5CrHfTaWZr
3276,C5CrHfTaWZr
3277,C5CrHfTaWZr
3278,C5CrHfTaWZr
3279,C5CrHfTaWZr
3280,C5CrHfTaWZr
3281,C5CrHfTaWZr
3282,C5CrHfTaWZr
3283,C5CrHfTaWZr
3284,C5CrMoNbTaW
3285,C5CrMoNbTaW
3286,C5CrMoNbTaW
3287,C5CrMoNbTaW
3288,C5CrMoNbTaW
3289,C5CrMoNbTaW
3290,C5CrMoNbTaW
3291,C5CrMoNbTaW
3292,C5CrMoNbTaW
3293,C5CrMoNbTaW
3294,C5CrMoNbTaW
3295,C5CrMoNbTaW
3296,C5CrMoNbTaW
3297,C5CrMoNbTaW
3298,C5CrMoNbTaW
3299,C5CrMoNbTaW
3300,C5CrMoNbTaW
3301,C5CrMoNbTaW
3302,C5CrMoNbTaW
3303,C5CrMoNbTaW
3304,C5CrMoNbTaW
3305,C5CrMoNbTaW
3306,C5CrMoNbTaW
3307,C5CrMoNbTaW
3308,C5CrMoNbTaW
3309,C5CrMoNbTaW
3310,C5CrMoNbTaW
3311,C5CrMoNbTaW
3312,C5CrMoNbTaW
3313,C5CrMoNbTaW
3314,C5CrMoNbTaW
3315,C5CrMoNbTaW
3316,C5CrMoNbTaW
3317,C5CrMoNbTaW
3318,C5CrMoNbTaW
3319,C5CrMoNbTaW
3320,C5CrMoNbTaW
3321,C5CrMoNbTaW
3322,C5CrMoNbTaW
3323,C5CrMoNbTaW
3324,C5CrMoNbTaW
3325,C5CrMoNbTaW
3326,C5CrMoNbTaW
3327,C5CrMoNbTaW
3328,C5CrMoNbTaW
3329,C5CrMoNbTaW
3330,C5CrMoNbTaW
3331,C5CrMoNbTaW
3332,C5CrMoNbTaW
3333,C5CrMoNbTaW
3334,C5CrMoNbTaW
3335,C5CrMoNbTaW
3336,C5CrMoNbTaW
3337,C5CrMoNbTaW
3338,C5CrMoNbTaW
3339,C5CrMoNbTaW
3340,C5CrMoNbTaW
3341,C5CrMoNbTaW
3342,C5CrMoNbTaW
3343,C5CrMoNbTaW
3344,C5CrMoNbTaW
3345,C5CrMoNbTaW
3346,C5CrMoNbTaW
3347,C5CrMoNbTaW
3348,C5CrMoNbTaW
3349,C5CrMoNbTaW
3350,C5CrMoNbTaW
3351,C5CrMoNbTaW
3352,C5CrMoNbTaW
3353,C5CrMoNbTaW
3354,C5CrMoNbTaW
3355,C5CrMoNbTaW
3356,C5CrMoNbTaW
3357,C5CrMoNbTaW
3358,C5CrMoNbTaW
3359,C5CrMoNbTaW
3360,C5CrMoNbTaW
3361,C5CrMoNbTaW
3362,C5CrMoNbTaW
3363,C5CrMoNbTaW
3364,C5CrMoNbTaW
3365,C5CrMoNbTaW
3366,C5CrMoNbTaW
3367,C5CrMoNbTaW
3368,C5CrMoNbTaW
3369,C5CrMoNbTaW
3370,C5CrMoNbTaW
3371,C5CrMoNbTaW
3372,C5CrMoNbTaW
3373,C5CrMoNbTaW
3374,C5CrMoNbTaW
3375,C5CrMoNbTaW
3376,C5CrMoNbTaW
3377,C5CrMoNbTaW
3378,C5CrMoNbTaW
3379,C5CrMoNbTaW
3380,C5CrMoNbTaW
3381,C5CrMoNbTaW
3382,C5CrMoNbTaW
3383,C5CrMoNbTaW
3384,C5CrMoNbTaW
3385,C5CrMoNbTaW
3386,C5CrMoNbTaW
3387,C5CrMoNbTaW
3388,C5CrMoNbTaW
3389,C5CrMoNbTaW
3390,C5CrMoNbTaW
3391,C5CrMoNbTaW
3392,C5CrMoNbTaW
3393,C5CrMoNbTaW
3394,C5CrMoNbTaW
3395,C5CrMoNbTaW
3396,C5CrMoNbTaW
3397,C5CrMoNbTaW
3398,C5CrMoNbTaW
3399,C5CrMoNbTaW
3400,C5CrMoNbTaW
3401,C5CrMoNbTaW
3402,C5CrMoNbTaW
3403,C5CrMoNbTaW
3404,C5CrMoNbTaW
3405,C5CrMoNbTaW
3406,C5CrMoNbTaW
3407,C5CrMoNbTaW
3408,C5CrMoNbTaW
3409,C5CrMoNbTaW
3410,C5CrMoNbTaW
3411,C5CrMoNbTaW
3412,C5CrMoNbTaW
3413,C5CrMoNbTaW
3414,C5CrMoNbTaW
3415,C5CrMoNbTaW
3416,C5CrMoNbTaW
3417,C5CrMoNbTaW
3418,C5CrMoNbTaW
3419,C5CrMoNbTaW
3420,C5CrMoNbTaW
3421,C5CrMoNbTaW
3422,C5CrMoNbTaW
3423,C5CrMoNbTaW
3424,C5CrMoNbTaW
3425,C5CrMoNbTaW
3426,C5CrMoNbTaW
3427,C5CrMoNbTaW
3428,C5CrMoNbTaW
3429,C5CrMoNbTaW
3430,C5CrMoNbTaW
3431,C5CrMoNbVW
3432,C5CrMoNbVW
3433,C5CrMoNbVW
3434,C5CrMoNbVW
3435,C5CrMoNbVW
3436,C5CrMoNbVW
3437,C5CrMoNbVW
3438,C5CrMoNbVW
3439,C5CrMoNbVW
3440,C5CrMoNbVW
3441,C5CrMoNbVW
3442,C5CrMoNbVW
3443,C5CrMoNbVW
3444,C5CrMoNbVW
3445,C5CrMoNbVW
3446,C5CrMoNbVW
3447,C5CrMoNbVW
3448,C5CrMoNbVW
3449,C5CrMoNbVW
3450,C5CrMoNbVW
3451,C5CrMoNbVW
3452,C5CrMoNbVW
3453,C5CrMoNbVW
3454,C5CrMoNbVW
3455,C5CrMoNbVW
3456,C5CrMoNbVW
3457,C5CrMoNbVW
3458,C5CrMoNbVW
3459,C5CrMoNbVW
3460,C5CrMoNbVW
3461,C5CrMoNbVW
3462,C5CrMoNbVW
3463,C5CrMoNbVW
3464,C5CrMoNbVW
3465,C5CrMoNbVW
3466,C5CrMoNbVW
3467,C5CrMoNbVW
3468,C5CrMoNbVW
3469,C5CrMoNbVW
3470,C5CrMoNbVW
3471,C5CrMoNbVW
3472,C5CrMoNbVW
3473,C5CrMoNbVW
3474,C5CrMoNbVW
3475,C5CrMoNbVW
3476,C5CrMoNbVW
3477,C5CrMoNbVW
3478,C5CrMoNbVW
3479,C5CrMoNbVW
3480,C5CrMoNbVW
3481,C5CrMoNbVW
3482,C5CrMoNbVW
3483,C5CrMoNbVW
3484,C5CrMoNbVW
3485,C5CrMoNbVW
3486,C5CrMoNbVW
3487,C5CrMoNbVW
3488,C5CrMoNbVW
3489,C5CrMoNbVW
3490,C5CrMoNbVW
3491,C5CrMoNbVW
3492,C5CrMoNbVW
3493,C5CrMoNbVW
3494,C5CrMoNbVW
3495,C5CrMoNbVW
3496,C5CrMoNbVW
3497,C5CrMoNbVW
3498,C5CrMoNbVW
3499,C5CrMoNbVW
3500,C5CrMoNbVW
3501,C5CrMoNbVW
3502,C5CrMoNbVW
3503,C5CrMoNbVW
3504,C5CrMoNbVW
3505,C5CrMoNbVW
3506,C5CrMoNbVW
3507,C5CrMoNbVW
3508,C5CrMoNbVW
3509,C5CrMoNbVW
3510,C5CrMoNbVW
3511,C5CrMoNbVW
3512,C5CrMoNbVW
3513,C5CrMoNbVW
3514,C5CrMoNbVW
3515,C5CrMoNbVW
3516,C5CrMoNbVW
3517,C5CrMoNbVW
3518,C5CrMoNbVW
3519,C5CrMoNbVW
3520,C5CrMoNbVW
3521,C5CrMoNbVW
3522,C5CrMoNbVW
3523,C5CrMoNbVW
3524,C5CrMoNbVW
3525,C5CrMoNbVW
3526,C5CrMoNbVW
3527,C5CrMoNbVW
3528,C5CrMoNbVW
3529,C5CrMoNbVW
3530,C5CrMoNbVW
3531,C5CrMoNbVW
3532,C5CrMoNbVW
3533,C5CrMoNbVW
3534,C5CrMoNbVW
3535,C5CrMoNbVW
3536,C5CrMoNbVW
3537,C5CrMoNbVW
3538,C5CrMoNbVW
3539,C5CrMoNbVW
3540,C5CrMoNbVW
3541,C5CrMoNbVW
3542,C5CrMoNbVW
3543,C5CrMoNbVW
3544,C5CrMoNbVW
3545,C5CrMoNbVW
3546,C5CrMoNbVW
3547,C5CrMoNbVW
3548,C5CrMoNbVW
3549,C5CrMoNbVW
3550,C5CrMoNbVW
3551,C5CrMoNbVW
3552,C5CrMoNbVW
3553,C5CrMoNbVW
3554,C5CrMoNbVW
3555,C5CrMoNbVW
3556,C5CrMoNbVW
3557,C5CrMoNbVW
3558,C5CrMoNbVW
3559,C5CrMoNbVW
3560,C5CrMoNbVW
3561,C5CrMoNbVW
3562,C5CrMoNbVW
3563,C5CrMoNbVW
3564,C5CrMoNbVW
3565,C5CrMoNbVW
3566,C5CrMoNbVW
3567,C5CrMoNbVW
3568,C5CrMoNbVW
3569,C5CrMoNbVW
3570,C5CrMoNbVW
3571,C5CrMoNbVW
3572,C5CrMoNbVW
3573,C5CrMoNbVW
3574,C5CrMoNbVW
3575,C5CrMoNbVW
3576,C5CrMoNbVW
3577,C5CrMoNbVW
3578,C5CrMoTaVW
3579,C5CrMoTaVW
3580,C5CrMoTaVW
3581,C5CrMoTaVW
3582,C5CrMoTaVW
3583,C5CrMoTaVW
3584,C5CrMoTaVW
3585,C5CrMoTaVW
3586,C5CrMoTaVW
3587,C5CrMoTaVW
3588,C5CrMoTaVW
3589,C5CrMoTaVW
3590,C5CrMoTaVW
3591,C5CrMoTaVW
3592,C5CrMoTaVW
3593,C5CrMoTaVW
3594,C5CrMoTaVW
3595,C5CrMoTaVW
3596,C5CrMoTaVW
3597,C5CrMoTaVW
3598,C5CrMoTaVW
3599,C5CrMoTaVW
3600,C5CrMoTaVW
3601,C5CrMoTaVW
3602,C5CrMoTaVW
3603,C5CrMoTaVW
3604,C5CrMoTaVW
3605,C5CrMoTaVW
3606,C5CrMoTaVW
3607,C5CrMoTaVW
3608,C5CrMoTaVW
3609,C5CrMoTaVW
3610,C5CrMoTaVW
3611,C5CrMoTaVW
3612,C5CrMoTaVW
3613,C5CrMoTaVW
3614,C5CrMoTaVW
3615,C5CrMoTaVW
3616,C5CrMoTaVW
3617,C5CrMoTaVW
3618,C5CrMoTaVW
3619,C5CrMoTaVW
3620,C5CrMoTaVW
3621,C5CrMoTaVW
3622,C5CrMoTaVW
3623,C5CrMoTaVW
3624,C5CrMoTaVW
3625,C5CrMoTaVW
3626,C5CrMoTaVW
3627,C5CrMoTaVW
3628,C5CrMoTaVW
3629,C5CrMoTaVW
3630,C5CrMoTaVW
3631,C5CrMoTaVW
3632,C5CrMoTaVW
3633,C5CrMoTaVW
3634,C5CrMoTaVW
3635,C5CrMoTaVW
3636,C5CrMoTaVW
3637,C5CrMoTaVW
3638,C5CrMoTaVW
3639,C5CrMoTaVW
3640,C5CrMoTaVW
3641,C5CrMoTaVW
3642,C5CrMoTaVW
3643,C5CrMoTaVW
3644,C5CrMoTaVW
3645,C5CrMoTaVW
3646,C5CrMoTaVW
3647,C5CrMoTaVW
3648,C5CrMoTaVW
3649,C5CrMoTaVW
3650,C5CrMoTaVW
3651,C5CrMoTaVW
3652,C5CrMoTaVW
3653,C5CrMoTaVW
3654,C5CrMoTaVW
3655,C5CrMoTaVW
3656,C5CrMoTaVW
3657,C5CrMoTaVW
3658,C5CrMoTaVW
3659,C5CrMoTaVW
3660,C5CrMoTaVW
3661,C5CrMoTaVW
3662,C5CrMoTaVW
3663,C5CrMoTaVW
3664,C5CrMoTaVW
3665,C5CrMoTaVW
3666,C5CrMoTaVW
3667,C5CrMoTaVW
3668,C5CrMoTaVW
3669,C5CrMoTaVW
3670,C5CrMoTaVW
3671,C5CrMoTaVW
3672,C5CrMoTaVW
3673,C5CrMoTaVW
3674,C5CrMoTaVW
3675,C5CrMoTaVW
3676,C5CrMoTaVW
3677,C5CrMoTaVW
3678,C5CrMoTaVW
3679,C5CrMoTaVW
3680,C5CrMoTaVW
3681,C5CrMoTaVW
3682,C5CrMoTaVW
3683,C5CrMoTaVW
3684,C5CrMoTaVW
3685,C5CrMoTaVW
3686,C5CrMoTaVW
3687,C5CrMoTaVW
3688,C5CrMoTaVW
3689,C5CrMoTaVW
3690,C5CrMoTaVW
3691,C5CrMoTaVW
3692,C5CrMoTaVW
3693,C5CrMoTaVW
3694,C5CrMoTaVW
3695,C5CrMoTaVW
3696,C5CrMoTaVW
3697,C5CrMoTaVW
3698,C5CrMoTaVW
3699,C5CrMoTaVW
3700,C5CrMoTaVW
3701,C5CrMoTaVW
3702,C5CrMoTaVW
3703,C5CrMoTaVW
3704,C5CrMoTaVW
3705,C5CrMoTaVW
3706,C5CrMoTaVW
3707,C5CrMoTaVW
3708,C5CrMoTaVW
3709,C5CrMoTaVW
3710,C5CrMoTaVW
3711,C5CrMoTaVW
3712,C5CrMoTaVW
3713,C5CrMoTaVW
3714,C5CrMoTaVW
3715,C5CrMoTaVW
3716,C5CrMoTaVW
3717,C5CrMoTaVW
3718,C5CrMoTaVW
3719,C5CrMoTaVW
3720,C5CrMoTaVW
3721,C5CrMoTaVW
3722,C5CrMoTaVW
3723,C5CrMoTaVW
3724,C5CrMoTaVW
3725,C5CrMoTiWZr
3726,C5CrMoTiWZr
3727,C5CrMoTiWZr
3728,C5CrMoTiWZr
3729,C5CrMoTiWZr
3730,C5CrMoTiWZr
3731,C5CrMoTiWZr
3732,C5CrMoTiWZr
3733,C5CrMoTiWZr
3734,C5CrMoTiWZr
3735,C5CrMoTiWZr
3736,C5CrMoTiWZr
3737,C5CrMoTiWZr
3738,C5CrMoTiWZr
3739,C5CrMoTiWZr
3740,C5CrMoTiWZr
3741,C5CrMoTiWZr
3742,C5CrMoTiWZr
3743,C5CrMoTiWZr
3744,C5CrMoTiWZr
3745,C5CrMoTiWZr
3746,C5CrMoTiWZr
3747,C5CrMoTiWZr
3748,C5CrMoTiWZr
3749,C5CrMoTiWZr
3750,C5CrMoTiWZr
3751,C5CrMoTiWZr
3752,C5CrMoTiWZr
3753,C5CrMoTiWZr
3754,C5CrMoTiWZr
3755,C5CrMoTiWZr
3756,C5CrMoTiWZr
3757,C5CrMoTiWZr
3758,C5CrMoTiWZr
3759,C5CrMoTiWZr
3760,C5CrMoTiWZr
3761,C5CrMoTiWZr
3762,C5CrMoTiWZr
3763,C5CrMoTiWZr
3764,C5CrMoTiWZr
3765,C5CrMoTiWZr
3766,C5CrMoTiWZr
3767,C5CrMoTiWZr
3768,C5CrMoTiWZr
3769,C5CrMoTiWZr
3770,C5CrMoTiWZr
3771,C5CrMoTiWZr
3772,C5CrMoTiWZr
3773,C5CrMoTiWZr
3774,C5CrMoTiWZr
3775,C5CrMoTiWZr
3776,C5CrMoTiWZr
3777,C5CrMoTiWZr
3778,C5CrMoTiWZr
3779,C5CrMoTiWZr
3780,C5CrMoTiWZr
3781,C5CrMoTiWZr
3782,C5CrMoTiWZr
3783,C5CrMoTiWZr
3784,C5CrMoTiWZr
3785,C5CrMoTiWZr
3786,C5CrMoTiWZr
3787,C5CrMoTiWZr
3788,C5CrMoTiWZr
3789,C5CrMoTiWZr
3790,C5CrMoTiWZr
3791,C5CrMoTiWZr
3792,C5CrMoTiWZr
3793,C5CrMoTiWZr
3794,C5CrMoTiWZr
3795,C5CrMoTiWZr
3796,C5CrMoTiWZr
3797,C5CrMoTiWZr
3798,C5CrMoTiWZr
3799,C5CrMoTiWZr
3800,C5CrMoTiWZr
3801,C5CrMoTiWZr
3802,C5CrMoTiWZr
3803,C5CrMoTiWZr
3804,C5CrMoTiWZr
3805,C5CrMoTiWZr
3806,C5CrMoTiWZr
3807,C5CrMoTiWZr
3808,C5CrMoTiWZr
3809,C5CrMoTiWZr
3810,C5CrMoTiWZr
3811,C5CrMoTiWZr
3812,C5CrMoTiWZr
3813,C5CrMoTiWZr
3814,C5CrMoTiWZr
3815,C5CrMoTiWZr
3816,C5CrMoTiWZr
3817,C5CrMoTiWZr
3818,C5CrMoTiWZr
3819,C5CrMoTiWZr
3820,C5CrMoTiWZr
3821,C5CrMoTiWZr
3822,C5CrMoTiWZr
3823,C5CrMoTiWZr
3824,C5CrMoTiWZr
3825,C5CrMoTiWZr
3826,C5CrMoTiWZr
3827,C5CrMoTiWZr
3828,C5CrMoTiWZr
3829,C5CrMoTiWZr
3830,C5CrMoTiWZr
3831,C5CrMoTiWZr
3832,C5CrMoTiWZr
3833,C5CrMoTiWZr
3834,C5CrMoTiWZr
3835,C5CrMoTiWZr
3836,C5CrMoTiWZr
3837,C5CrMoTiWZr
3838,C5CrMoTiWZr
3839,C5CrMoTiWZr
3840,C5CrMoTiWZr
3841,C5CrMoTiWZr
3842,C5CrMoTiWZr
3843,C5CrMoTiWZr
3844,C5CrMoTiWZr
3845,C5CrMoTiWZr
3846,C5CrMoTiWZr
3847,C5CrMoTiWZr
3848,C5CrMoTiWZr
3849,C5CrMoTiWZr
3850,C5CrMoTiWZr
3851,C5CrMoTiWZr
3852,C5CrMoTiWZr
3853,C5CrMoTiWZr
3854,C5CrMoTiWZr
3855,C5CrMoTiWZr
3856,C5CrMoTiWZr
3857,C5CrMoTiWZr
3858,C5CrMoTiWZr
3859,C5CrMoTiWZr
3860,C5CrMoTiWZr
3861,C5CrMoTiWZr
3862,C5CrMoTiWZr
3863,C5CrMoTiWZr
3864,C5CrMoTiWZr
3865,C5CrMoTiWZr
3866,C5CrMoTiWZr
3867,C5CrMoTiWZr
3868,C5CrMoTiWZr
3869,C5CrMoTiWZr
3870,C5CrMoTiWZr
3871,C5CrMoTiWZr
3872,C5HfMoNbTaW
3873,C5HfMoNbTaW
3874,C5HfMoNbTaW
3875,C5HfMoNbTaW
3876,C5HfMoNbTaW
3877,C5HfMoNbTaW
3878,C5HfMoNbTaW
3879,C5HfMoNbTaW
3880,C5HfMoNbTaW
3881,C5HfMoNbTaW
3882,C5HfMoNbTaW
3883,C5HfMoNbTaW
3884,C5HfMoNbTaW
3885,C5HfMoNbTaW
3886,C5HfMoNbTaW
3887,C5HfMoNbTaW
3888,C5HfMoNbTaW
3889,C5HfMoNbTaW
3890,C5HfMoNbTaW
3891,C5HfMoNbTaW
3892,C5HfMoNbTaW
3893,C5HfMoNbTaW
3894,C5HfMoNbTaW
3895,C5HfMoNbTaW
3896,C5HfMoNbTaW
3897,C5HfMoNbTaW
3898,C5HfMoNbTaW
3899,C5HfMoNbTaW
3900,C5HfMoNbTaW
3901,C5HfMoNbTaW
3902,C5HfMoNbTaW
3903,C5HfMoNbTaW
3904,C5HfMoNbTaW
3905,C5HfMoNbTaW
3906,C5HfMoNbTaW
3907,C5HfMoNbTaW
3908,C5HfMoNbTaW
3909,C5HfMoNbTaW
3910,C5HfMoNbTaW
3911,C5HfMoNbTaW
3912,C5HfMoNbTaW
3913,C5HfMoNbTaW
3914,C5HfMoNbTaW
3915,C5HfMoNbTaW
3916,C5HfMoNbTaW
3917,C5HfMoNbTaW
3918,C5HfMoNbTaW
3919,C5HfMoNbTaW
3920,C5HfMoNbTaW
3921,C5HfMoNbTaW
3922,C5HfMoNbTaW
3923,C5HfMoNbTaW
3924,C5HfMoNbTaW
3925,C5HfMoNbTaW
3926,C5HfMoNbTaW
3927,C5HfMoNbTaW
3928,C5HfMoNbTaW
3929,C5HfMoNbTaW
3930,C5HfMoNbTaW
3931,C5HfMoNbTaW
3932,C5HfMoNbTaW
3933,C5HfMoNbTaW
3934,C5HfMoNbTaW
3935,C5HfMoNbTaW
3936,C5HfMoNbTaW
3937,C5HfMoNbTaW
3938,C5HfMoNbTaW
3939,C5HfMoNbTaW
3940,C5HfMoNbTaW
3941,C5HfMoNbTaW
3942,C5HfMoNbTaW
3943,C5HfMoNbTaW
3944,C5HfMoNbTaW
3945,C5HfMoNbTaW
3946,C5HfMoNbTaW
3947,C5HfMoNbTaW
3948,C5HfMoNbTaW
3949,C5HfMoNbTaW
3950,C5HfMoNbTaW
3951,C5HfMoNbTaW
3952,C5HfMoNbTaW
3953,C5HfMoNbTaW
3954,C5HfMoNbTaW
3955,C5HfMoNbTaW
3956,C5HfMoNbTaW
3957,C5HfMoNbTaW
3958,C5HfMoNbTaW
3959,C5HfMoNbTaW
3960,C5HfMoNbTaW
3961,C5HfMoNbTaW
3962,C5HfMoNbTaW
3963,C5HfMoNbTaW
3964,C5HfMoNbTaW
3965,C5HfMoNbTaW
3966,C5HfMoNbTaW
3967,C5HfMoNbTaW
3968,C5HfMoNbTaW
3969,C5HfMoNbTaW
3970,C5HfMoNbTaW
3971,C5HfMoNbTaW
3972,C5HfMoNbTaW
3973,C5HfMoNbTaW
3974,C5HfMoNbTaW
3975,C5HfMoNbTaW
3976,C5HfMoNbTaW
3977,C5HfMoNbTaW
3978,C5HfMoNbTaW
3979,C5HfMoNbTaW
3980,C5HfMoNbTaW
3981,C5HfMoNbTaW
3982,C5HfMoNbTaW
3983,C5HfMoNbTaW
3984,C5HfMoNbTaW
3985,C5HfMoNbTaW
3986,C5HfMoNbTaW
3987,C5HfMoNbTaW
3988,C5HfMoNbTaW
3989,C5HfMoNbTaW
3990,C5HfMoNbTaW
3991,C5HfMoNbTaW
3992,C5HfMoNbTaW
3993,C5HfMoNbTaW
3994,C5HfMoNbTaW
3995,C5HfMoNbTaW
3996,C5HfMoNbTaW
3997,C5HfMoNbTaW
3998,C5HfMoNbTaW
3999,C5HfMoNbTaW
4000,C5HfMoNbTaW
4001,C5HfMoNbTaW
4002,C5HfMoNbTaW
4003,C5HfMoNbTaW
4004,C5HfMoNbTaW
4005,C5HfMoNbTaW
4006,C5HfMoNbTaW
4007,C5HfMoNbTaW
4008,C5HfMoNbTaW
4009,C5HfMoNbTaW
4010,C5HfMoNbTaW
4011,C5HfMoNbTaW
4012,C5HfMoNbTaW
4013,C5HfMoNbTaW
4014,C5HfMoNbTaW
4015,C5HfMoNbTaW
4016,C5HfMoNbTaW
4017,C5HfMoNbTaW
4018,C5HfMoNbTaW
4019,C5HfMoNbTaW
4020,C5HfMoNbTaW
4021,C5HfMoNbTaW
4022,C5HfMoNbTaW
4023,C5HfMoNbTaW
4024,C5HfMoNbTaW
4025,C5HfMoNbTaW
4026,C5HfMoNbTaW
4027,C5HfMoNbTaW
4028,C5HfMoNbTaW
4029,C5HfMoNbTaW
4030,C5HfMoNbTaW
4031,C5HfMoNbTaW
4032,C5HfMoNbTaW
4033,C5HfMoNbTaW
4034,C5HfMoNbTaW
4035,C5HfMoNbTaW
4036,C5HfMoNbTaW
4037,C5HfMoNbTaW
4038,C5HfMoNbTaW
4039,C5HfMoNbTaW
4040,C5HfMoNbTaW
4041,C5HfMoNbTaW
4042,C5HfMoNbTaW
4043,C5HfMoNbTaW
4044,C5HfMoNbTaW
4045,C5HfMoNbTaW
4046,C5HfMoNbTaW
4047,C5HfMoNbTaW
4048,C5HfMoNbTaW
4049,C5HfMoNbTaW
4050,C5HfMoNbTaW
4051,C5HfMoNbTaW
4052,C5HfMoNbTaW
4053,C5HfMoNbTaW
4054,C5HfMoNbTaW
4055,C5HfMoNbTaW
4056,C5HfMoNbTaW
4057,C5HfMoNbTaW
4058,C5HfMoNbTaW
4059,C5HfMoNbTaW
4060,C5HfMoNbTaW
4061,C5HfMoNbTaW
4062,C5HfMoNbTaW
4063,C5HfMoNbTaW
4064,C5HfMoNbTaW
4065,C5HfMoNbTaW
4066,C5HfMoNbTaW
4067,C5HfMoNbTaW
4068,C5HfMoNbTaW
4069,C5HfMoNbTaW
4070,C5HfMoNbTaW
4071,C5HfMoNbTaW
4072,C5HfMoNbTaW
4073,C5HfMoNbTaW
4074,C5HfMoNbTaW
4075,C5HfMoNbTaW
4076,C5HfMoNbTaW
4077,C5HfMoNbTaW
4078,C5HfMoNbTaW
4079,C5HfMoNbTaW
4080,C5HfMoNbTaW
4081,C5HfMoNbTaW
4082,C5HfMoNbTaW
4083,C5HfMoNbTaW
4084,C5HfMoNbTaW
4085,C5HfMoNbTaW
4086,C5HfMoNbTaW
4087,C5HfMoNbTaW
4088,C5HfMoNbTaW
4089,C5HfMoNbTaW
4090,C5HfMoNbTaW
4091,C5HfMoNbTaW
4092,C5HfMoNbTaW
4093,C5HfMoNbTaW
4094,C5HfMoNbTaW
4095,C5HfMoNbTaW
4096,C5HfMoNbTaW
4097,C5HfMoNbTaW
4098,C5HfMoNbTaW
4099,C5HfMoNbTaW
4100,C5HfMoNbTaW
4101,C5HfMoNbTaW
4102,C5HfMoNbTaW
4103,C5HfMoNbTaW
4104,C5HfMoNbTaW
4105,C5HfMoNbTaW
4106,C5HfMoNbTaW
4107,C5HfMoNbTaW
4108,C5HfMoNbTaW
4109,C5HfMoNbTaW
4110,C5HfMoNbTaW
4111,C5HfMoNbTaW
4112,C5HfMoNbTaW
4113,C5HfMoNbTaW
4114,C5HfMoNbTaW
4115,C5HfMoNbTaW
4116,C5HfMoNbTaW
4117,C5HfMoNbTaW
4118,C5HfMoNbTaW
4119,C5HfMoNbTaW
4120,C5HfMoNbTaW
4121,C5HfMoNbTaW
4122,C5HfMoNbTaW
4123,C5HfMoNbTaW
4124,C5HfMoNbTaW
4125,C5HfMoNbTaW
4126,C5HfMoNbTaW
4127,C5HfMoNbTaW
4128,C5HfMoNbTaW
4129,C5HfMoNbTaW
4130,C5HfMoNbTaW
4131,C5HfMoNbTaW
4132,C5HfMoNbTaW
4133,C5HfMoNbTaW
4134,C5HfMoNbTaW
4135,C5HfMoNbTaW
4136,C5HfMoNbTaW
4137,C5HfMoNbTaW
4138,C5HfMoNbTaW
4139,C5HfMoNbTaW
4140,C5HfMoNbTaW
4141,C5HfMoNbTaW
4142,C5HfMoNbTaW
4143,C5HfMoNbTaW
4144,C5HfMoNbTaW
4145,C5HfMoNbTaW
4146,C5HfMoNbTaW
4147,C5HfMoNbTaW
4148,C5HfMoNbTaW
4149,C5HfMoNbTaW
4150,C5HfMoNbTaW
4151,C5HfMoNbTaW
4152,C5HfMoNbTaW
4153,C5HfMoNbTaW
4154,C5HfMoNbTaW
4155,C5HfMoNbTaW
4156,C5HfMoNbTaW
4157,C5HfMoNbTaW
4158,C5HfMoNbTaW
4159,C5HfMoNbTaW
4160,C5HfMoNbTaW
4161,C5HfMoNbTaW
4162,C5HfMoNbTaW
4163,C5HfMoNbTaW
4164,C5HfMoNbTaW
4165,C5HfMoNbTaW
4166,C5HfMoNbTiW
4167,C5HfMoNbTiW
4168,C5HfMoNbTiW
4169,C5HfMoNbTiW
4170,C5HfMoNbTiW
4171,C5HfMoNbTiW
4172,C5HfMoNbTiW
4173,C5HfMoNbTiW
4174,C5HfMoNbTiW
4175,C5HfMoNbTiW
4176,C5HfMoNbTiW
4177,C5HfMoNbTiW
4178,C5HfMoNbTiW
4179,C5HfMoNbTiW
4180,C5HfMoNbTiW
4181,C5HfMoNbTiW
4182,C5HfMoNbTiW
4183,C5HfMoNbTiW
4184,C5HfMoNbTiW
4185,C5HfMoNbTiW
4186,C5HfMoNbTiW
4187,C5HfMoNbTiW
4188,C5HfMoNbTiW
4189,C5HfMoNbTiW
4190,C5HfMoNbTiW
4191,C5HfMoNbTiW
4192,C5HfMoNbTiW
4193,C5HfMoNbTiW
4194,C5HfMoNbTiW
4195,C5HfMoNbTiW
4196,C5HfMoNbTiW
4197,C5HfMoNbTiW
4198,C5HfMoNbTiW
4199,C5HfMoNbTiW
4200,C5HfMoNbTiW
4201,C5HfMoNbTiW
4202,C5HfMoNbTiW
4203,C5HfMoNbTiW
4204,C5HfMoNbTiW
4205,C5HfMoNbTiW
4206,C5HfMoNbTiW
4207,C5HfMoNbTiW
4208,C5HfMoNbTiW
4209,C5HfMoNbTiW
4210,C5HfMoNbTiW
4211,C5HfMoNbTiW
4212,C5HfMoNbTiW
4213,C5HfMoNbTiW
4214,C5HfMoNbTiW
4215,C5HfMoNbTiW
4216,C5HfMoNbTiW
4217,C5HfMoNbTiW
4218,C5HfMoNbTiW
4219,C5HfMoNbTiW
4220,C5HfMoNbTiW
4221,C5HfMoNbTiW
4222,C5HfMoNbTiW
4223,C5HfMoNbTiW
4224,C5HfMoNbTiW
4225,C5HfMoNbTiW
4226,C5HfMoNbTiW
4227,C5HfMoNbTiW
4228,C5HfMoNbTiW
4229,C5HfMoNbTiW
4230,C5HfMoNbTiW
4231,C5HfMoNbTiW
4232,C5HfMoNbTiW
4233,C5HfMoNbTiW
4234,C5HfMoNbTiW
4235,C5HfMoNbTiW
4236,C5HfMoNbTiW
4237,C5HfMoNbTiW
4238,C5HfMoNbTiW
4239,C5HfMoNbTiW
4240,C5HfMoNbTiW
4241,C5HfMoNbTiW
4242,C5HfMoNbTiW
4243,C5HfMoNbTiW
4244,C5HfMoNbTiW
4245,C5HfMoNbTiW
4246,C5HfMoNbTiW
4247,C5HfMoNbTiW
4248,C5HfMoNbTiW
4249,C5HfMoNbTiW
4250,C5HfMoNbTiW
4251,C5HfMoNbTiW
4252,C5HfMoNbTiW
4253,C5HfMoNbTiW
4254,C5HfMoNbTiW
4255,C5HfMoNbTiW
4256,C5HfMoNbTiW
4257,C5HfMoNbTiW
4258,C5HfMoNbTiW
4259,C5HfMoNbTiW
4260,C5HfMoNbTiW
4261,C5HfMoNbTiW
4262,C5HfMoNbTiW
4263,C5HfMoNbTiW
4264,C5HfMoNbTiW
4265,C5HfMoNbTiW
4266,C5HfMoNbTiW
4267,C5HfMoNbTiW
4268,C5HfMoNbTiW
4269,C5HfMoNbTiW
4270,C5HfMoNbTiW
4271,C5HfMoNbTiW
4272,C5HfMoNbTiW
4273,C5HfMoNbTiW
4274,C5HfMoNbTiW
4275,C5HfMoNbTiW
4276,C5HfMoNbTiW
4277,C5HfMoNbTiW
4278,C5HfMoNbTiW
4279,C5HfMoNbTiW
4280,C5HfMoNbTiW
4281,C5HfMoNbTiW
4282,C5HfMoNbTiW
4283,C5HfMoNbTiW
4284,C5HfMoNbTiW
4285,C5HfMoNbTiW
4286,C5HfMoNbTiW
4287,C5HfMoNbTiW
4288,C5HfMoNbTiW
4289,C5HfMoNbTiW
4290,C5HfMoNbTiW
4291,C5HfMoNbTiW
4292,C5HfMoNbTiW
4293,C5HfMoNbTiW
4294,C5HfMoNbTiW
4295,C5HfMoNbTiW
4296,C5HfMoNbTiW
4297,C5HfMoNbTiW
4298,C5HfMoNbTiW
4299,C5HfMoNbTiW
4300,C5HfMoNbTiW
4301,C5HfMoNbTiW
4302,C5HfMoNbTiW
4303,C5HfMoNbTiW
4304,C5HfMoNbTiW
4305,C5HfMoNbTiW
4306,C5HfMoNbTiW
4307,C5HfMoNbTiW
4308,C5HfMoNbTiW
4309,C5HfMoNbTiW
4310,C5HfMoNbTiW
4311,C5HfMoNbTiW
4312,C5HfMoNbTiW
4313,C5HfMoNbTiW
4314,C5HfMoNbTiW
4315,C5HfMoNbTiW
4316,C5HfMoNbTiW
4317,C5HfMoNbTiW
4318,C5HfMoNbTiW
4319,C5HfMoNbTiW
4320,C5HfMoNbTiW
4321,C5HfMoNbTiW
4322,C5HfMoNbTiW
4323,C5HfMoNbTiW
4324,C5HfMoNbTiW
4325,C5HfMoNbTiW
4326,C5HfMoNbTiW
4327,C5HfMoNbTiW
4328,C5HfMoNbTiW
4329,C5HfMoNbTiW
4330,C5HfMoNbTiW
4331,C5HfMoNbTiW
4332,C5HfMoNbTiW
4333,C5HfMoNbTiW
4334,C5HfMoNbTiW
4335,C5HfMoNbTiW
4336,C5HfMoNbTiW
4337,C5HfMoNbTiW
4338,C5HfMoNbTiW
4339,C5HfMoNbTiW
4340,C5HfMoNbTiW
4341,C5HfMoNbTiW
4342,C5HfMoNbTiW
4343,C5HfMoNbTiW
4344,C5HfMoNbTiW
4345,C5HfMoNbTiW
4346,C5HfMoNbTiW
4347,C5HfMoNbTiW
4348,C5HfMoNbTiW
4349,C5HfMoNbTiW
4350,C5HfMoNbTiW
4351,C5HfMoNbTiW
4352,C5HfMoNbTiW
4353,C5HfMoNbTiW
4354,C5HfMoNbTiW
4355,C5HfMoNbTiW
4356,C5HfMoNbTiW
4357,C5HfMoNbTiW
4358,C5HfMoNbTiW
4359,C5HfMoNbTiW
4360,C5HfMoNbTiW
4361,C5HfMoNbTiW
4362,C5HfMoNbTiW
4363,C5HfMoNbTiW
4364,C5HfMoNbTiW
4365,C5HfMoNbTiW
4366,C5HfMoNbTiW
4367,C5HfMoNbTiW
4368,C5HfMoNbTiW
4369,C5HfMoNbTiW
4370,C5HfMoNbTiW
4371,C5HfMoNbTiW
4372,C5HfMoNbTiW
4373,C5HfMoNbTiW
4374,C5HfMoNbTiW
4375,C5HfMoNbTiW
4376,C5HfMoNbTiW
4377,C5HfMoNbTiW
4378,C5HfMoNbTiW
4379,C5HfMoNbTiW
4380,C5HfMoNbTiW
4381,C5HfMoNbTiW
4382,C5HfMoNbTiW
4383,C5HfMoNbTiW
4384,C5HfMoNbTiW
4385,C5HfMoNbTiW
4386,C5HfMoNbTiW
4387,C5HfMoNbTiW
4388,C5HfMoNbTiW
4389,C5HfMoNbTiW
4390,C5HfMoNbTiW
4391,C5HfMoNbTiW
4392,C5HfMoNbTiW
4393,C5HfMoNbTiW
4394,C5HfMoNbTiW
4395,C5HfMoNbTiW
4396,C5HfMoNbTiW
4397,C5HfMoNbTiW
4398,C5HfMoNbTiW
4399,C5HfMoNbTiW
4400,C5HfMoNbTiW
4401,C5HfMoNbTiW
4402,C5HfMoNbTiW
4403,C5HfMoNbTiW
4404,C5HfMoNbTiW
4405,C5HfMoNbTiW
4406,C5HfMoNbTiW
4407,C5HfMoNbTiW
4408,C5HfMoNbTiW
4409,C5HfMoNbTiW
4410,C5HfMoNbTiW
4411,C5HfMoNbTiW
4412,C5HfMoNbTiW
4413,C5HfMoNbTiW
4414,C5HfMoNbTiW
4415,C5HfMoNbTiW
4416,C5HfMoNbTiW
4417,C5HfMoNbTiW
4418,C5HfMoNbTiW
4419,C5HfMoNbTiW
4420,C5HfMoNbTiW
4421,C5HfMoNbTiW
4422,C5HfMoNbTiW
4423,C5HfMoNbTiW
4424,C5HfMoNbTiW
4425,C5HfMoNbTiW
4426,C5HfMoNbTiW
4427,C5HfMoNbTiW
4428,C5HfMoNbTiW
4429,C5HfMoNbTiW
4430,C5HfMoNbTiW
4431,C5HfMoNbTiW
4432,C5HfMoNbTiW
4433,C5HfMoNbTiW
4434,C5HfMoNbTiW
4435,C5HfMoNbTiW
4436,C5HfMoNbTiW
4437,C5HfMoNbTiW
4438,C5HfMoNbTiW
4439,C5HfMoNbTiW
4440,C5HfMoNbTiW
4441,C5HfMoNbTiW
4442,C5HfMoNbTiW
4443,C5HfMoNbTiW
4444,C5HfMoNbTiW
4445,C5HfMoNbTiW
4446,C5HfMoNbTiW
4447,C5HfMoNbTiW
4448,C5HfMoNbTiW
4449,C5HfMoNbTiW
4450,C5HfMoNbTiW
4451,C5HfMoNbTiW
4452,C5HfMoNbTiW
4453,C5HfMoNbTiW
4454,C5HfMoNbTiW
4455,C5HfMoNbTiW
4456,C5HfMoNbTiW
4457,C5HfMoNbTiW
4458,C5HfMoNbTiW
4459,C5HfMoNbTiW
4460,C5HfMoNbVW
4461,C5HfMoNbVW
4462,C5HfMoNbVW
4463,C5HfMoNbVW
4464,C5HfMoNbVW
4465,C5HfMoNbVW
4466,C5HfMoNbVW
4467,C5HfMoNbVW
4468,C5HfMoNbVW
4469,C5HfMoNbVW
4470,C5HfMoNbVW
4471,C5HfMoNbVW
4472,C5HfMoNbVW
4473,C5HfMoNbVW
4474,C5HfMoNbVW
4475,C5HfMoNbVW
4476,C5HfMoNbVW
4477,C5HfMoNbVW
4478,C5HfMoNbVW
4479,C5HfMoNbVW
4480,C5HfMoNbVW
4481,C5HfMoNbVW
4482,C5HfMoNbVW
4483,C5HfMoNbVW
4484,C5HfMoNbVW
4485,C5HfMoNbVW
4486,C5HfMoNbVW
4487,C5HfMoNbVW
4488,C5HfMoNbVW
4489,C5HfMoNbVW
4490,C5HfMoNbVW
4491,C5HfMoNbVW
4492,C5HfMoNbVW
4493,C5HfMoNbVW
4494,C5HfMoNbVW
4495,C5HfMoNbVW
4496,C5HfMoNbVW
4497,C5HfMoNbVW
4498,C5HfMoNbVW
4499,C5HfMoNbVW
4500,C5HfMoNbVW
4501,C5HfMoNbVW
4502,C5HfMoNbVW
4503,C5HfMoNbVW
4504,C5HfMoNbVW
4505,C5HfMoNbVW
4506,C5HfMoNbVW
4507,C5HfMoNbVW
4508,C5HfMoNbVW
4509,C5HfMoNbVW
4510,C5HfMoNbVW
4511,C5HfMoNbVW
4512,C5HfMoNbVW
4513,C5HfMoNbVW
4514,C5HfMoNbVW
4515,C5HfMoNbVW
4516,C5HfMoNbVW
4517,C5HfMoNbVW
4518,C5HfMoNbVW
4519,C5HfMoNbVW
4520,C5HfMoNbVW
4521,C5HfMoNbVW
4522,C5HfMoNbVW
4523,C5HfMoNbVW
4524,C5HfMoNbVW
4525,C5HfMoNbVW
4526,C5HfMoNbVW
4527,C5HfMoNbVW
4528,C5HfMoNbVW
4529,C5HfMoNbVW
4530,C5HfMoNbVW
4531,C5HfMoNbVW
4532,C5HfMoNbVW
4533,C5HfMoNbVW
4534,C5HfMoNbVW
4535,C5HfMoNbVW
4536,C5HfMoNbVW
4537,C5HfMoNbVW
4538,C5HfMoNbVW
4539,C5HfMoNbVW
4540,C5HfMoNbVW
4541,C5HfMoNbVW
4542,C5HfMoNbVW
4543,C5HfMoNbVW
4544,C5HfMoNbVW
4545,C5HfMoNbVW
4546,C5HfMoNbVW
4547,C5HfMoNbVW
4548,C5HfMoNbVW
4549,C5HfMoNbVW
4550,C5HfMoNbVW
4551,C5HfMoNbVW
4552,C5HfMoNbVW
4553,C5HfMoNbVW
4554,C5HfMoNbVW
4555,C5HfMoNbVW
4556,C5HfMoNbVW
4557,C5HfMoNbVW
4558,C5HfMoNbVW
4559,C5HfMoNbVW
4560,C5HfMoNbVW
4561,C5HfMoNbVW
4562,C5HfMoNbVW
4563,C5HfMoNbVW
4564,C5HfMoNbVW
4565,C5HfMoNbVW
4566,C5HfMoNbVW
4567,C5HfMoNbVW
4568,C5HfMoNbVW
4569,C5HfMoNbVW
4570,C5HfMoNbVW
4571,C5HfMoNbVW
4572,C5HfMoNbVW
4573,C5HfMoNbVW
4574,C5HfMoNbVW
4575,C5HfMoNbVW
4576,C5HfMoNbVW
4577,C5HfMoNbVW
4578,C5HfMoNbVW
4579,C5HfMoNbVW
4580,C5HfMoNbVW
4581,C5HfMoNbVW
4582,C5HfMoNbVW
4583,C5HfMoNbVW
4584,C5HfMoNbVW
4585,C5HfMoNbVW
4586,C5HfMoNbVW
4587,C5HfMoNbVW
4588,C5HfMoNbVW
4589,C5HfMoNbVW
4590,C5HfMoNbVW
4591,C5HfMoNbVW
4592,C5HfMoNbVW
4593,C5HfMoNbVW
4594,C5HfMoNbVW
4595,C5HfMoNbVW
4596,C5HfMoNbVW
4597,C5HfMoNbVW
4598,C5HfMoNbVW
4599,C5HfMoNbVW
4600,C5HfMoNbVW
4601,C5HfMoNbVW
4602,C5HfMoNbVW
4603,C5HfMoNbVW
4604,C5HfMoNbVW
4605,C5HfMoNbVW
4606,C5HfMoNbVW
4607,C5HfMoNbVW
4608,C5HfMoNbVW
4609,C5HfMoNbVW
4610,C5HfMoNbVW
4611,C5HfMoNbVW
4612,C5HfMoNbVW
4613,C5HfMoNbVW
4614,C5HfMoNbVW
4615,C5HfMoNbVW
4616,C5HfMoNbVW
4617,C5HfMoNbVW
4618,C5HfMoNbVW
4619,C5HfMoNbVW
4620,C5HfMoNbVW
4621,C5HfMoNbVW
4622,C5HfMoNbVW
4623,C5HfMoNbVW
4624,C5HfMoNbVW
4625,C5HfMoNbVW
4626,C5HfMoNbVW
4627,C5HfMoNbVW
4628,C5HfMoNbVW
4629,C5HfMoNbVW
4630,C5HfMoNbVW
4631,C5HfMoNbVW
4632,C5HfMoNbVW
4633,C5HfMoNbVW
4634,C5HfMoNbVW
4635,C5HfMoNbVW
4636,C5HfMoNbVW
4637,C5HfMoNbVW
4638,C5HfMoNbVW
4639,C5HfMoNbVW
4640,C5HfMoNbVW
4641,C5HfMoNbVW
4642,C5HfMoNbVW
4643,C5HfMoNbVW
4644,C5HfMoNbVW
4645,C5HfMoNbVW
4646,C5HfMoNbVW
4647,C5HfMoNbVW
4648,C5HfMoNbVW
4649,C5HfMoNbVW
4650,C5HfMoNbVW
4651,C5HfMoNbVW
4652,C5HfMoNbVW
4653,C5HfMoNbVW
4654,C5HfMoNbVW
4655,C5HfMoNbVW
4656,C5HfMoNbVW
4657,C5HfMoNbVW
4658,C5HfMoNbVW
4659,C5HfMoNbVW
4660,C5HfMoNbVW
4661,C5HfMoNbVW
4662,C5HfMoNbVW
4663,C5HfMoNbVW
4664,C5HfMoNbVW
4665,C5HfMoNbVW
4666,C5HfMoNbVW
4667,C5HfMoNbVW
4668,C5HfMoNbVW
4669,C5HfMoNbVW
4670,C5HfMoNbVW
4671,C5HfMoNbVW
4672,C5HfMoNbVW
4673,C5HfMoNbVW
4674,C5HfMoNbVW
4675,C5HfMoNbVW
4676,C5HfMoNbVW
4677,C5HfMoNbVW
4678,C5HfMoNbVW
4679,C5HfMoNbVW
4680,C5HfMoNbVW
4681,C5HfMoNbVW
4682,C5HfMoNbVW
4683,C5HfMoNbVW
4684,C5HfMoNbVW
4685,C5HfMoNbVW
4686,C5HfMoNbVW
4687,C5HfMoNbVW
4688,C5HfMoNbVW
4689,C5HfMoNbVW
4690,C5HfMoNbVW
4691,C5HfMoNbVW
4692,C5HfMoNbVW
4693,C5HfMoNbVW
4694,C5HfMoNbVW
4695,C5HfMoNbVW
4696,C5HfMoNbVW
4697,C5HfMoNbVW
4698,C5HfMoNbVW
4699,C5HfMoNbVW
4700,C5HfMoNbVW
4701,C5HfMoNbVW
4702,C5HfMoNbVW
4703,C5HfMoNbVW
4704,C5HfMoNbVW
4705,C5HfMoNbVW
4706,C5HfMoNbVW
4707,C5HfMoNbVW
4708,C5HfMoNbVW
4709,C5HfMoNbVW
4710,C5HfMoNbVW
4711,C5HfMoNbVW
4712,C5HfMoNbVW
4713,C5HfMoNbVW
4714,C5HfMoNbVW
4715,C5HfMoNbVW
4716,C5HfMoNbVW
4717,C5HfMoNbVW
4718,C5HfMoNbVW
4719,C5HfMoNbVW
4720,C5HfMoNbVW
4721,C5HfMoNbVW
4722,C5HfMoNbVW
4723,C5HfMoNbVW
4724,C5HfMoNbVW
4725,C5HfMoNbVW
4726,C5HfMoNbVW
4727,C5HfMoNbVW
4728,C5HfMoNbVW
4729,C5HfMoNbVW
4730,C5HfMoNbVW
4731,C5HfMoNbVW
4732,C5HfMoNbVW
4733,C5HfMoNbVW
4734,C5HfMoNbVW
4735,C5HfMoNbVW
4736,C5HfMoNbVW
4737,C5HfMoNbVW
4738,C5HfMoNbVW
4739,C5HfMoNbVW
4740,C5HfMoNbVW
4741,C5HfMoNbVW
4742,C5HfMoNbVW
4743,C5HfMoNbVW
4744,C5HfMoNbVW
4745,C5HfMoNbVW
4746,C5HfMoNbVW
4747,C5HfMoNbVW
